,Network,Name,Slat,Slon,Selv,Quake#,Mag,Qlat,Qlon,Qdep,OrgT,rhyp,Parr,Sarr
0,HT,AGG,39.0211,22.336,625.0,95.0,4.1,37.684,21.3785,20.0,2020/3/9T22:19:31.1,170.392321917,2020-03-09T22:19:58.146400Z,2020-03-09T22:20:08.964960Z
1,HT,AGG,39.0211,22.336,625.0,120.0,3.6,37.7106,21.5497,58.0,2020/4/6T2:31:24.0,160.88363992,2020-04-06T02:31:49.537086Z,2020-04-06T02:31:59.751920Z
2,HT,AGG,39.0211,22.336,625.0,391.0,3.6,37.8818,21.3419,21.0,2020/8/8T8:14:8.5,153.375077064,2020-08-08T08:14:32.845250Z,2020-08-08T08:14:42.583350Z
3,HT,AGG,39.0211,22.336,625.0,392.0,4.4,37.7399,21.1395,20.0,2020/8/9T6:11:16.6,176.507235135,2020-08-09T06:11:44.617021Z,2020-08-09T06:11:55.823830Z
4,HT,AGG,39.0211,22.336,625.0,438.0,3.5,37.3485,21.2517,20.0,2020/9/18T22:17:14.2,208.547527924,2020-09-18T22:17:47.302782Z,2020-09-18T22:18:00.543895Z
5,HT,ALN,40.885,26.046,110.0,95.0,4.1,37.684,21.3785,20.0,2020/3/9T22:19:31.1,536.937212744,2020-03-09T22:20:56.328129Z,2020-03-09T22:21:30.419381Z
6,HT,ALN,40.885,26.046,110.0,120.0,3.6,37.7106,21.5497,58.0,2020/4/6T2:31:24.0,523.920428899,2020-04-06T02:32:47.161973Z,2020-04-06T02:33:20.426762Z
7,HT,ALN,40.885,26.046,110.0,391.0,3.6,37.8818,21.3419,21.0,2020/8/8T8:14:8.5,524.672522118,2020-08-08T08:15:31.781353Z,2020-08-08T08:16:05.093894Z
8,HT,ALN,40.885,26.046,110.0,392.0,4.4,37.7399,21.1395,20.0,2020/8/9T6:11:16.6,548.456414443,2020-08-09T06:12:43.656574Z,2020-08-09T06:13:18.479203Z
9,HT,ALN,40.885,26.046,110.0,438.0,3.5,37.3485,21.2517,20.0,2020/9/18T22:17:14.2,570.84211859,2020-09-18T22:18:44.809860Z,2020-09-18T22:19:21.053804Z
10,HP,AMPL,38.9224,21.2135,260.0,95.0,4.1,37.684,21.3785,20.0,2020/3/9T22:19:31.1,138.220921316,2020-03-09T22:19:53.039829Z,2020-03-09T22:20:01.815760Z
11,HP,AMPL,38.9224,21.2135,260.0,120.0,3.6,37.7106,21.5497,58.0,2020/4/6T2:31:24.0,137.688692228,2020-04-06T02:31:45.855348Z,2020-04-06T02:31:54.597487Z
12,HP,AMPL,38.9224,21.2135,260.0,391.0,3.6,37.8818,21.3419,21.0,2020/8/8T8:14:8.5,116.054408128,2020-08-08T08:14:26.921335Z,2020-08-08T08:14:34.289868Z
13,HP,AMPL,38.9224,21.2135,260.0,392.0,4.4,37.7399,21.1395,20.0,2020/8/9T6:11:16.6,131.42042112,2020-08-09T06:11:37.460384Z,2020-08-09T06:11:45.804538Z
14,HP,AMPL,38.9224,21.2135,260.0,438.0,3.5,37.3485,21.2517,20.0,2020/9/18T22:17:14.2,174.733734211,2020-09-18T22:17:41.935513Z,2020-09-18T22:17:53.029719Z
15,HP,AMT,37.5324,21.7089,482.0,95.0,4.1,37.684,21.3785,20.0,2020/3/9T22:19:31.1,33.6817253396,2020-03-09T22:19:36.446306Z,2020-03-09T22:19:38.584828Z
16,HP,AMT,37.5324,21.7089,482.0,120.0,3.6,37.7106,21.5497,58.0,2020/4/6T2:31:24.0,24.2693398398,2020-04-06T02:31:27.852276Z,2020-04-06T02:31:29.393187Z
17,HP,AMT,37.5324,21.7089,482.0,391.0,3.6,37.8818,21.3419,21.0,2020/8/8T8:14:8.5,50.5120535147,2020-08-08T08:14:16.517786Z,2020-08-08T08:14:19.724901Z
18,HP,AMT,37.5324,21.7089,482.0,392.0,4.4,37.7399,21.1395,20.0,2020/8/9T6:11:16.6,55.2855178229,2020-08-09T06:11:25.375479Z,2020-08-09T06:11:28.885671Z
19,HP,AMT,37.5324,21.7089,482.0,438.0,3.5,37.3485,21.2517,20.0,2020/9/18T22:17:14.2,45.3194572647,2020-09-18T22:17:21.393565Z,2020-09-18T22:17:24.270991Z
20,HL,ANKY,35.86704,23.30117,143.0,120.0,3.6,37.7106,21.5497,58.0,2020/4/6T2:31:24.0,257.466348288,2020-04-06T02:32:04.867674Z,2020-04-06T02:32:21.214744Z
21,HL,ANKY,35.86704,23.30117,143.0,391.0,3.6,37.8818,21.3419,21.0,2020/8/8T8:14:8.5,283.719887803,2020-08-08T08:14:53.534903Z,2020-08-08T08:15:11.548864Z
22,HL,ANKY,35.86704,23.30117,143.0,392.0,4.4,37.7399,21.1395,20.0,2020/8/9T6:11:16.6,283.548890207,2020-08-09T06:12:01.607760Z,2020-08-09T06:12:19.610864Z
23,HL,ANKY,35.86704,23.30117,143.0,438.0,3.5,37.3485,21.2517,20.0,2020/9/18T22:17:14.2,246.254363324,2020-09-18T22:17:53.287994Z,2020-09-18T22:18:08.923192Z
24,HP,ANX,38.5933,21.9209,1020.0,95.0,4.1,37.684,21.3785,20.0,2020/3/9T22:19:31.1,111.575778974,2020-03-09T22:19:48.810441Z,2020-03-09T22:19:55.894618Z
25,HP,ANX,38.5933,21.9209,1020.0,120.0,3.6,37.7106,21.5497,58.0,2020/4/6T2:31:24.0,103.245360357,2020-04-06T02:31:40.388152Z,2020-04-06T02:31:46.943413Z
26,HP,ANX,38.5933,21.9209,1020.0,391.0,3.6,37.8818,21.3419,21.0,2020/8/8T8:14:8.5,93.8504468656,2020-08-08T08:14:23.396896Z,2020-08-08T08:14:29.355655Z
27,HP,ANX,38.5933,21.9209,1020.0,392.0,4.4,37.7399,21.1395,20.0,2020/8/9T6:11:16.6,116.889221154,2020-08-09T06:11:35.153845Z,2020-08-09T06:11:42.575382Z
28,HP,ANX,38.5933,21.9209,1020.0,438.0,3.5,37.3485,21.2517,20.0,2020/9/18T22:17:14.2,150.161677121,2020-09-18T22:17:38.035187Z,2020-09-18T22:17:47.569262Z
29,HT,AOS2,39.1478,23.8436,185.0,95.0,4.1,37.684,21.3785,20.0,2020/3/9T22:19:31.1,269.705452401,2020-03-09T22:20:13.910389Z,2020-03-09T22:20:31.034545Z
30,HT,AOS2,39.1478,23.8436,185.0,120.0,3.6,37.7106,21.5497,58.0,2020/4/6T2:31:24.0,256.053251147,2020-04-06T02:32:04.643373Z,2020-04-06T02:32:20.900722Z
31,HT,AOS2,39.1478,23.8436,185.0,391.0,3.6,37.8818,21.3419,21.0,2020/8/8T8:14:8.5,259.511463346,2020-08-08T08:14:49.692296Z,2020-08-08T08:15:06.169214Z
32,HT,AOS2,39.1478,23.8436,185.0,392.0,4.4,37.7399,21.1395,20.0,2020/8/9T6:11:16.6,283.092194989,2020-08-09T06:12:01.535269Z,2020-08-09T06:12:19.509377Z
33,HL,APE,37.07274,25.52301,608.0,95.0,4.1,37.684,21.3785,20.0,2020/3/9T22:19:31.1,373.25687442,2020-03-09T22:20:30.347123Z,2020-03-09T22:20:54.045972Z
34,HL,APE,37.07274,25.52301,608.0,120.0,3.6,37.7106,21.5497,58.0,2020/4/6T2:31:24.0,358.87006241,2020-04-06T02:32:20.963502Z,2020-04-06T02:32:43.748903Z
35,HL,APE,37.07274,25.52301,608.0,391.0,3.6,37.8818,21.3419,21.0,2020/8/8T8:14:8.5,380.536330517,2020-08-08T08:15:08.902592Z,2020-08-08T08:15:33.063629Z
36,HL,APE,37.07274,25.52301,608.0,392.0,4.4,37.7399,21.1395,20.0,2020/8/9T6:11:16.6,395.058146411,2020-08-09T06:12:19.307642Z,2020-08-09T06:12:44.390699Z
37,HL,APE,37.07274,25.52301,608.0,438.0,3.5,37.3485,21.2517,20.0,2020/9/18T22:17:14.2,380.345882281,2020-09-18T22:18:14.572362Z,2020-09-18T22:18:38.721307Z
38,HL,ARG,36.21356,28.12122,148.0,95.0,4.1,37.684,21.3785,20.0,2020/3/9T22:19:31.1,622.193965199,2020-03-09T22:21:09.860947Z,2020-03-09T22:21:49.365326Z
39,HL,ARG,36.21356,28.12122,148.0,120.0,3.6,37.7106,21.5497,58.0,2020/4/6T2:31:24.0,608.202196563,2020-04-06T02:33:00.540031Z,2020-04-06T02:33:39.156044Z
40,HL,ARG,36.21356,28.12122,148.0,391.0,3.6,37.8818,21.3419,21.0,2020/8/8T8:14:8.5,630.663070672,2020-08-08T08:15:48.605249Z,2020-08-08T08:16:28.647349Z
41,HL,ARG,36.21356,28.12122,148.0,392.0,4.4,37.7399,21.1395,20.0,2020/8/9T6:11:16.6,644.126432785,2020-08-09T06:12:58.842291Z,2020-08-09T06:13:39.739207Z
42,HL,ARG,36.21356,28.12122,148.0,438.0,3.5,37.3485,21.2517,20.0,2020/9/18T22:17:14.2,625.861642855,2020-09-18T22:18:53.543118Z,2020-09-18T22:19:33.280365Z
43,HA,ATAL,38.6926,23.0213,290.0,95.0,4.1,37.684,21.3785,20.0,2020/3/9T22:19:31.1,182.332795748,2020-03-09T22:20:00.041714Z,2020-03-09T22:20:11.618399Z
44,HA,ATAL,38.6926,23.0213,290.0,120.0,3.6,37.7106,21.5497,58.0,2020/4/6T2:31:24.0,168.805263275,2020-04-06T02:31:50.794486Z,2020-04-06T02:32:01.512281Z
45,HA,ATAL,38.6926,23.0213,290.0,391.0,3.6,37.8818,21.3419,21.0,2020/8/8T8:14:8.5,172.297939441,2020-08-08T08:14:35.848879Z,2020-08-08T08:14:46.788431Z
46,HA,ATAL,38.6926,23.0213,290.0,392.0,4.4,37.7399,21.1395,20.0,2020/8/9T6:11:16.6,195.801946678,2020-08-09T06:11:47.679674Z,2020-08-09T06:12:00.111544Z
47,HL,ATH,37.97384,23.71767,93.0,95.0,4.1,37.684,21.3785,20.0,2020/3/9T22:19:31.1,208.423189744,2020-03-09T22:20:04.183046Z,2020-03-09T22:20:17.416264Z
48,HL,ATH,37.97384,23.71767,93.0,120.0,3.6,37.7106,21.5497,58.0,2020/4/6T2:31:24.0,193.044617364,2020-04-06T02:31:54.642003Z,2020-04-06T02:32:06.898804Z
49,HL,ATH,37.97384,23.71767,93.0,391.0,3.6,37.8818,21.3419,21.0,2020/8/8T8:14:8.5,209.118088518,2020-08-08T08:14:41.693347Z,2020-08-08T08:14:54.970686Z
50,HL,ATH,37.97384,23.71767,93.0,392.0,4.4,37.7399,21.1395,20.0,2020/8/9T6:11:16.6,228.359841718,2020-08-09T06:11:52.847594Z,2020-08-09T06:12:07.346631Z
51,HL,ATH,37.97384,23.71767,93.0,438.0,3.5,37.3485,21.2517,20.0,2020/9/18T22:17:14.2,228.377873532,2020-09-18T22:17:50.450456Z,2020-09-18T22:18:04.950639Z
52,HA,ATHU,37.9665,23.7845,308.0,95.0,4.1,37.684,21.3785,20.0,2020/3/9T22:19:31.1,214.127381596,2020-03-09T22:20:05.088473Z,2020-03-09T22:20:18.683863Z
53,HA,ATHU,37.9665,23.7845,308.0,120.0,3.6,37.7106,21.5497,58.0,2020/4/6T2:31:24.0,198.752705545,2020-04-06T02:31:55.548048Z,2020-04-06T02:32:08.167268Z
54,HA,ATHU,37.9665,23.7845,308.0,391.0,3.6,37.8818,21.3419,21.0,2020/8/8T8:14:8.5,214.960085813,2020-08-08T08:14:42.620649Z,2020-08-08T08:14:56.268908Z
55,HA,ATHU,37.9665,23.7845,308.0,392.0,4.4,37.7399,21.1395,20.0,2020/8/9T6:11:16.6,234.126081462,2020-08-09T06:11:53.762870Z,2020-08-09T06:12:08.628018Z
56,HA,ATHU,37.9665,23.7845,308.0,438.0,3.5,37.3485,21.2517,20.0,2020/9/18T22:17:14.2,233.772427512,2020-09-18T22:17:51.306735Z,2020-09-18T22:18:06.149428Z
57,HA,AXAR,38.7664,22.659,406.0,95.0,4.1,37.684,21.3785,20.0,2020/3/9T22:19:31.1,164.335638638,2020-03-09T22:19:57.185022Z,2020-03-09T22:20:07.619031Z
58,HA,AXAR,38.7664,22.659,406.0,120.0,3.6,37.7106,21.5497,58.0,2020/4/6T2:31:24.0,152.202232839,2020-04-06T02:31:48.159085Z,2020-04-06T02:31:57.822718Z
59,HA,AXAR,38.7664,22.659,406.0,391.0,3.6,37.8818,21.3419,21.0,2020/8/8T8:14:8.5,151.346966316,2020-08-08T08:14:32.523328Z,2020-08-08T08:14:42.132659Z
60,HA,AXAR,38.7664,22.659,406.0,392.0,4.4,37.7399,21.1395,20.0,2020/8/9T6:11:16.6,175.130656832,2020-08-09T06:11:44.398517Z,2020-08-09T06:11:55.517924Z
61,HA,AXAR,38.7664,22.659,406.0,438.0,3.5,37.3485,21.2517,20.0,2020/9/18T22:17:14.2,200.054955508,2020-09-18T22:17:45.954755Z,2020-09-18T22:17:58.656657Z
62,HP,AXS,38.1962,21.3763,102.0,95.0,4.1,37.684,21.3785,20.0,2020/3/9T22:19:31.1,56.8522756811,2020-03-09T22:19:40.124171Z,2020-03-09T22:19:43.733839Z
63,HP,AXS,38.1962,21.3763,102.0,120.0,3.6,37.7106,21.5497,58.0,2020/4/6T2:31:24.0,56.0127173728,2020-04-06T02:31:32.890908Z,2020-04-06T02:31:36.447271Z
64,HP,AXS,38.1962,21.3763,102.0,391.0,3.6,37.8818,21.3419,21.0,2020/8/8T8:14:8.5,35.0281556993,2020-08-08T08:14:14.060025Z,2020-08-08T08:14:16.284035Z
65,HP,AXS,38.1962,21.3763,102.0,392.0,4.4,37.7399,21.1395,20.0,2020/8/9T6:11:16.6,54.7551949775,2020-08-09T06:11:25.291301Z,2020-08-09T06:11:28.767821Z
66,HP,AXS,38.1962,21.3763,102.0,438.0,3.5,37.3485,21.2517,20.0,2020/9/18T22:17:14.2,94.7263573124,2020-09-18T22:17:29.235930Z,2020-09-18T22:17:35.250302Z
67,HC,CHAN,35.5193,24.0428,37.0,95.0,4.1,37.684,21.3785,20.0,2020/3/9T22:19:31.1,338.393599146,2020-03-09T22:20:24.813270Z,2020-03-09T22:20:46.298578Z
68,HC,CHAN,35.5193,24.0428,37.0,120.0,3.6,37.7106,21.5497,58.0,2020/4/6T2:31:24.0,329.931015553,2020-04-06T02:32:16.370002Z,2020-04-06T02:32:37.318003Z
69,HC,CHAN,35.5193,24.0428,37.0,391.0,3.6,37.8818,21.3419,21.0,2020/8/8T8:14:8.5,356.312211785,2020-08-08T08:15:05.057494Z,2020-08-08T08:15:27.680492Z
70,HC,CHAN,35.5193,24.0428,37.0,392.0,4.4,37.7399,21.1395,20.0,2020/8/9T6:11:16.6,357.949029941,2020-08-09T06:12:13.417306Z,2020-08-09T06:12:36.144229Z
71,HC,CHAN,35.5193,24.0428,37.0,438.0,3.5,37.3485,21.2517,20.0,2020/9/18T22:17:14.2,322.208023479,2020-09-18T22:18:05.344131Z,2020-09-18T22:18:25.801783Z
72,HT,CHOS,38.3869,26.0506,854.0,95.0,4.1,37.684,21.3785,20.0,2020/3/9T22:19:31.1,417.470151967,2020-03-09T22:20:37.365103Z,2020-03-09T22:21:03.871145Z
73,HT,CHOS,38.3869,26.0506,854.0,391.0,3.6,37.8818,21.3419,21.0,2020/8/8T8:14:8.5,416.564047727,2020-08-08T08:15:14.621277Z,2020-08-08T08:15:41.069788Z
74,HT,CHOS,38.3869,26.0506,854.0,392.0,4.4,37.7399,21.1395,20.0,2020/8/9T6:11:16.6,436.869752278,2020-08-09T06:12:25.944405Z,2020-08-09T06:12:53.682167Z
75,HT,CHOS,38.3869,26.0506,854.0,438.0,3.5,37.3485,21.2517,20.0,2020/9/18T22:17:14.2,437.642829772,2020-09-18T22:18:23.667116Z,2020-09-18T22:18:51.453962Z
76,HT,CMBO,36.4709,25.4056,108.0,438.0,3.5,37.3485,21.2517,20.0,2020/9/18T22:17:14.2,382.741977014,2020-09-18T22:18:14.952695Z,2020-09-18T22:18:39.253773Z
77,HL,DION,38.07794,23.93306,460.0,95.0,4.1,37.684,21.3785,20.0,2020/3/9T22:19:31.1,228.941971193,2020-03-09T22:20:07.439995Z,2020-03-09T22:20:21.975994Z
78,HL,DION,38.07794,23.93306,460.0,120.0,3.6,37.7106,21.5497,58.0,2020/4/6T2:31:24.0,213.558789982,2020-04-06T02:31:57.898221Z,2020-04-06T02:32:11.457509Z
79,HL,DION,38.07794,23.93306,460.0,391.0,3.6,37.8818,21.3419,21.0,2020/8/8T8:14:8.5,228.681663276,2020-08-08T08:14:44.798677Z,2020-08-08T08:14:59.318147Z
80,HL,DION,38.07794,23.93306,460.0,438.0,3.5,37.3485,21.2517,20.0,2020/9/18T22:17:14.2,249.891247855,2020-09-18T22:17:53.865277Z,2020-09-18T22:18:09.731388Z
81,HT,DMLN,38.2385,20.3734,370.0,95.0,4.1,37.684,21.3785,20.0,2020/3/9T22:19:31.1,107.654935454,2020-03-09T22:19:48.188085Z,2020-03-09T22:19:55.023319Z
82,HT,DMLN,38.2385,20.3734,370.0,120.0,3.6,37.7106,21.5497,58.0,2020/4/6T2:31:24.0,118.806661398,2020-04-06T02:31:42.858200Z,2020-04-06T02:31:50.401480Z
83,HT,DMLN,38.2385,20.3734,370.0,391.0,3.6,37.8818,21.3419,21.0,2020/8/8T8:14:8.5,93.7655095349,2020-08-08T08:14:23.383414Z,2020-08-08T08:14:29.336780Z
84,HT,DMLN,38.2385,20.3734,370.0,392.0,4.4,37.7399,21.1395,20.0,2020/8/9T6:11:16.6,87.1316700829,2020-08-09T06:11:30.430424Z,2020-08-09T06:11:35.962593Z
85,HT,DRAG,38.6839,20.5746,348.0,95.0,4.1,37.684,21.3785,20.0,2020/3/9T22:19:31.1,131.449261784,2020-03-09T22:19:51.964962Z,2020-03-09T22:20:00.310947Z
86,HT,DRAG,38.6839,20.5746,348.0,120.0,3.6,37.7106,21.5497,58.0,2020/4/6T2:31:24.0,137.721804242,2020-04-06T02:31:45.860604Z,2020-04-06T02:31:54.604845Z
87,HT,DRAG,38.6839,20.5746,348.0,391.0,3.6,37.8818,21.3419,21.0,2020/8/8T8:14:8.5,111.508079653,2020-08-08T08:14:26.199695Z,2020-08-08T08:14:33.279573Z
88,HT,DRAG,38.6839,20.5746,348.0,392.0,4.4,37.7399,21.1395,20.0,2020/8/9T6:11:16.6,115.876556469,2020-08-09T06:11:34.993104Z,2020-08-09T06:11:42.350346Z
89,HT,DRAG,38.6839,20.5746,348.0,438.0,3.5,37.3485,21.2517,20.0,2020/9/18T22:17:14.2,159.704848821,2020-09-18T22:17:39.549976Z,2020-09-18T22:17:49.689966Z
90,HP,DRO,37.952,21.71,465.0,95.0,4.1,37.684,21.3785,20.0,2020/3/9T22:19:31.1,41.6775437958,2020-03-09T22:19:37.715483Z,2020-03-09T22:19:40.361676Z
91,HP,DRO,37.952,21.71,465.0,120.0,3.6,37.7106,21.5497,58.0,2020/4/6T2:31:24.0,30.2872969753,2020-04-06T02:31:28.807507Z,2020-04-06T02:31:30.730510Z
92,HP,DRO,37.952,21.71,465.0,391.0,3.6,37.8818,21.3419,21.0,2020/8/8T8:14:8.5,33.2957563198,2020-08-08T08:14:13.785041Z,2020-08-08T08:14:15.899057Z
93,HP,DRO,37.952,21.71,465.0,438.0,3.5,37.3485,21.2517,20.0,2020/9/18T22:17:14.2,78.2467279005,2020-09-18T22:17:26.620116Z,2020-09-18T22:17:31.588162Z
94,HL,EAG2,38.54385,26.1079,1.5,95.0,4.1,37.684,21.3785,20.0,2020/3/9T22:19:31.1,425.536731862,2020-03-09T22:20:38.645513Z,2020-03-09T22:21:05.663718Z
95,HL,EAG2,38.54385,26.1079,1.5,120.0,3.6,37.7106,21.5497,58.0,2020/4/6T2:31:24.0,410.178677996,2020-04-06T02:32:29.107727Z,2020-04-06T02:32:55.150817Z
96,HP,EFP,38.4269,21.9058,107.0,95.0,4.1,37.684,21.3785,20.0,2020/3/9T22:19:31.1,94.5587028497,2020-03-09T22:19:46.109318Z,2020-03-09T22:19:52.113045Z
97,HP,EFP,38.4269,21.9058,107.0,120.0,3.6,37.7106,21.5497,58.0,2020/4/6T2:31:24.0,85.4277373681,2020-04-06T02:31:37.559958Z,2020-04-06T02:31:42.983942Z
98,HP,EFP,38.4269,21.9058,107.0,391.0,3.6,37.8818,21.3419,21.0,2020/8/8T8:14:8.5,78.1262397823,2020-08-08T08:14:20.900990Z,2020-08-08T08:14:25.861387Z
99,HP,EFP,38.4269,21.9058,107.0,438.0,3.5,37.3485,21.2517,20.0,2020/9/18T22:17:14.2,132.806773435,2020-09-18T22:17:35.280440Z,2020-09-18T22:17:43.712616Z
100,HT,EVGI,38.621,20.656,249.0,95.0,4.1,37.684,21.3785,20.0,2020/3/9T22:19:31.1,121.768136759,2020-03-09T22:19:50.428276Z,2020-03-09T22:19:58.159586Z
101,HT,EVGI,38.621,20.656,249.0,120.0,3.6,37.7106,21.5497,58.0,2020/4/6T2:31:24.0,127.849273826,2020-04-06T02:31:44.293536Z,2020-04-06T02:31:52.410950Z
102,HT,EVGI,38.621,20.656,249.0,391.0,3.6,37.8818,21.3419,21.0,2020/8/8T8:14:8.5,101.671183857,2020-08-08T08:14:24.638283Z,2020-08-08T08:14:31.093596Z
103,HT,EVGI,38.621,20.656,249.0,392.0,4.4,37.7399,21.1395,20.0,2020/8/9T6:11:16.6,106.58236734,2020-08-09T06:11:33.517836Z,2020-08-09T06:11:40.284971Z
104,HT,EVGI,38.621,20.656,249.0,438.0,3.5,37.3485,21.2517,20.0,2020/9/18T22:17:14.2,150.625158681,2020-09-18T22:17:38.108755Z,2020-09-18T22:17:47.672257Z
105,HL,EVR,38.91657,21.8105,1037.0,95.0,4.1,37.684,21.3785,20.0,2020/3/9T22:19:31.1,141.943898772,2020-03-09T22:19:53.630778Z,2020-03-09T22:20:02.643089Z
106,HL,EVR,38.91657,21.8105,1037.0,120.0,3.6,37.7106,21.5497,58.0,2020/4/6T2:31:24.0,135.799058598,2020-04-06T02:31:45.555406Z,2020-04-06T02:31:54.177569Z
107,HL,EVR,38.91657,21.8105,1037.0,391.0,3.6,37.8818,21.3419,21.0,2020/8/8T8:14:8.5,121.943645883,2020-08-08T08:14:27.856134Z,2020-08-08T08:14:35.598588Z
108,HL,EVR,38.91657,21.8105,1037.0,392.0,4.4,37.7399,21.1395,20.0,2020/8/9T6:11:16.6,143.188859405,2020-08-09T06:11:39.328390Z,2020-08-09T06:11:48.419747Z
109,HL,EVR,38.91657,21.8105,1037.0,438.0,3.5,37.3485,21.2517,20.0,2020/9/18T22:17:14.2,180.81979059,2020-09-18T22:17:42.901554Z,2020-09-18T22:17:54.382176Z
110,HP,FSK,38.4593,20.5623,113.0,95.0,4.1,37.684,21.3785,20.0,2020/3/9T22:19:31.1,111.958888266,2020-03-09T22:19:48.871252Z,2020-03-09T22:19:55.979753Z
111,HP,FSK,38.4593,20.5623,113.0,120.0,3.6,37.7106,21.5497,58.0,2020/4/6T2:31:24.0,120.041553869,2020-04-06T02:31:43.054215Z,2020-04-06T02:31:50.675901Z
112,HP,FSK,38.4593,20.5623,113.0,391.0,3.6,37.8818,21.3419,21.0,2020/8/8T8:14:8.5,93.680130605,2020-08-08T08:14:23.369862Z,2020-08-08T08:14:29.317807Z
113,HT,GRG,40.957,22.401,560.0,95.0,4.1,37.684,21.3785,20.0,2020/3/9T22:19:31.1,373.910711688,2020-03-09T22:20:30.450907Z,2020-03-09T22:20:54.191269Z
114,HT,GRG,40.957,22.401,560.0,120.0,3.6,37.7106,21.5497,58.0,2020/4/6T2:31:24.0,367.813616169,2020-04-06T02:32:22.383114Z,2020-04-06T02:32:45.736359Z
115,HT,GRG,40.957,22.401,560.0,391.0,3.6,37.8818,21.3419,21.0,2020/8/8T8:14:8.5,353.382712307,2020-08-08T08:15:04.592494Z,2020-08-08T08:15:27.029492Z
116,HT,GRG,40.957,22.401,560.0,392.0,4.4,37.7399,21.1395,20.0,2020/8/9T6:11:16.6,373.343631685,2020-08-09T06:12:15.860894Z,2020-08-09T06:12:39.565251Z
117,HT,GRG,40.957,22.401,560.0,438.0,3.5,37.3485,21.2517,20.0,2020/9/18T22:17:14.2,412.732886627,2020-09-18T22:18:19.713157Z,2020-09-18T22:18:45.918419Z
118,HP,GUR,37.9363,22.3423,1087.0,95.0,4.1,37.684,21.3785,20.0,2020/3/9T22:19:31.1,89.3776264968,2020-03-09T22:19:45.286925Z,2020-03-09T22:19:50.961695Z
119,HP,GUR,37.9363,22.3423,1087.0,120.0,3.6,37.7106,21.5497,58.0,2020/4/6T2:31:24.0,74.1514126552,2020-04-06T02:31:35.770066Z,2020-04-06T02:31:40.478092Z
120,HP,GUR,37.9363,22.3423,1087.0,391.0,3.6,37.8818,21.3419,21.0,2020/8/8T8:14:8.5,88.1902582596,2020-08-08T08:14:22.498454Z,2020-08-08T08:14:28.097835Z
121,HP,GUR,37.9363,22.3423,1087.0,438.0,3.5,37.3485,21.2517,20.0,2020/9/18T22:17:14.2,116.283400356,2020-09-18T22:17:32.657683Z,2020-09-18T22:17:40.040756Z
122,HL,GVD,34.83914,24.08738,170.0,95.0,4.1,37.684,21.3785,20.0,2020/3/9T22:19:31.1,398.592581537,2020-03-09T22:20:34.368664Z,2020-03-09T22:20:59.676129Z
123,HL,GVD,34.83914,24.08738,170.0,120.0,3.6,37.7106,21.5497,58.0,2020/4/6T2:31:24.0,391.767377144,2020-04-06T02:32:26.185298Z,2020-04-06T02:32:51.059417Z
124,HL,GVD,34.83914,24.08738,170.0,391.0,3.6,37.8818,21.3419,21.0,2020/8/8T8:14:8.5,417.937407149,2020-08-08T08:15:14.839271Z,2020-08-08T08:15:41.374979Z
125,HL,GVD,34.83914,24.08738,170.0,392.0,4.4,37.7399,21.1395,20.0,2020/8/9T6:11:16.6,416.762334077,2020-08-09T06:12:22.752751Z,2020-08-09T06:12:49.213852Z
126,HL,GVD,34.83914,24.08738,170.0,438.0,3.5,37.3485,21.2517,20.0,2020/9/18T22:17:14.2,377.773015501,2020-09-18T22:18:14.163971Z,2020-09-18T22:18:38.149559Z
127,HC,GVDS,34.8389,24.0585,358.0,438.0,3.5,37.3485,21.2517,20.0,2020/9/18T22:17:14.2,376.040834612,2020-09-18T22:18:13.889021Z,2020-09-18T22:18:37.764630Z
128,HT,HORT,40.5978,23.0996,933.0,95.0,4.1,37.684,21.3785,20.0,2020/3/9T22:19:31.1,356.046150862,2020-03-09T22:20:27.615262Z,2020-03-09T22:20:50.221367Z
129,HT,HORT,40.5978,23.0996,933.0,120.0,3.6,37.7106,21.5497,58.0,2020/4/6T2:31:24.0,347.387885461,2020-04-06T02:32:19.140934Z,2020-04-06T02:32:41.197308Z
130,HT,HORT,40.5978,23.0996,933.0,391.0,3.6,37.8818,21.3419,21.0,2020/8/8T8:14:8.5,337.543136039,2020-08-08T08:15:02.078276Z,2020-08-08T08:15:23.509586Z
131,HT,HORT,40.5978,23.0996,933.0,392.0,4.4,37.7399,21.1395,20.0,2020/8/9T6:11:16.6,359.642283429,2020-08-09T06:12:13.686077Z,2020-08-09T06:12:36.520507Z
132,HT,HORT,40.5978,23.0996,933.0,438.0,3.5,37.3485,21.2517,20.0,2020/9/18T22:17:14.2,394.643344731,2020-09-18T22:18:16.841801Z,2020-09-18T22:18:41.898521Z
133,HL,IACM,35.3058,25.0709,45.0,95.0,4.1,37.684,21.3785,20.0,2020/3/9T22:19:31.1,423.128591717,2020-03-09T22:20:38.263269Z,2020-03-09T22:21:05.128576Z
134,HL,IACM,35.3058,25.0709,45.0,391.0,3.6,37.8818,21.3419,21.0,2020/8/8T8:14:8.5,439.312081178,2020-08-08T08:15:18.232076Z,2020-08-08T08:15:46.124907Z
135,HL,IACM,35.3058,25.0709,45.0,392.0,4.4,37.7399,21.1395,20.0,2020/8/9T6:11:16.6,443.70849631,2020-08-09T06:12:27.029920Z,2020-08-09T06:12:55.201888Z
136,HL,IACM,35.3058,25.0709,45.0,438.0,3.5,37.3485,21.2517,20.0,2020/9/18T22:17:14.2,411.008942612,2020-09-18T22:18:19.439515Z,2020-09-18T22:18:45.535321Z
137,HL,IDI,35.288,24.89,750.0,95.0,4.1,37.684,21.3785,20.0,2020/3/9T22:19:31.1,411.887927414,2020-03-09T22:20:36.479036Z,2020-03-09T22:21:02.630651Z
138,HL,IDI,35.288,24.89,750.0,120.0,3.6,37.7106,21.5497,58.0,2020/4/6T2:31:24.0,402.226066051,2020-04-06T02:32:27.845407Z,2020-04-06T02:32:53.383570Z
139,HL,IDI,35.288,24.89,750.0,391.0,3.6,37.8818,21.3419,21.0,2020/8/8T8:14:8.5,428.506162068,2020-08-08T08:15:16.516851Z,2020-08-08T08:15:43.723592Z
140,HL,IDI,35.288,24.89,750.0,392.0,4.4,37.7399,21.1395,20.0,2020/8/9T6:11:16.6,432.242471799,2020-08-09T06:12:25.209916Z,2020-08-09T06:12:52.653883Z
141,HL,IDI,35.288,24.89,750.0,438.0,3.5,37.3485,21.2517,20.0,2020/9/18T22:17:14.2,398.724424046,2020-09-18T22:18:17.489591Z,2020-09-18T22:18:42.805428Z
142,HT,IGT,39.5315,20.3299,262.0,95.0,4.1,37.684,21.3785,20.0,2020/3/9T22:19:31.1,224.501520237,2020-03-09T22:20:06.735162Z,2020-03-09T22:20:20.989227Z
143,HT,IGT,39.5315,20.3299,262.0,120.0,3.6,37.7106,21.5497,58.0,2020/4/6T2:31:24.0,228.342170015,2020-04-06T02:32:00.244789Z,2020-04-06T02:32:14.742704Z
144,HT,IGT,39.5315,20.3299,262.0,391.0,3.6,37.8818,21.3419,21.0,2020/8/8T8:14:8.5,203.186748143,2020-08-08T08:14:40.751865Z,2020-08-08T08:14:53.652611Z
145,HT,IGT,39.5315,20.3299,262.0,392.0,4.4,37.7399,21.1395,20.0,2020/8/9T6:11:16.6,211.002987803,2020-08-09T06:11:50.092538Z,2020-08-09T06:12:03.489553Z
146,HT,IGT,39.5315,20.3299,262.0,438.0,3.5,37.3485,21.2517,20.0,2020/9/18T22:17:14.2,255.333429904,2020-09-18T22:17:54.729116Z,2020-09-18T22:18:10.940762Z
147,HL,IMMV,35.4606,23.9811,230.0,95.0,4.1,37.684,21.3785,20.0,2020/3/9T22:19:31.1,339.295432536,2020-03-09T22:20:24.956418Z,2020-03-09T22:20:46.498985Z
148,HL,IMMV,35.4606,23.9811,230.0,120.0,3.6,37.7106,21.5497,58.0,2020/4/6T2:31:24.0,331.162894815,2020-04-06T02:32:16.565539Z,2020-04-06T02:32:37.591754Z
149,HL,IMMV,35.4606,23.9811,230.0,391.0,3.6,37.8818,21.3419,21.0,2020/8/8T8:14:8.5,357.529555317,2020-08-08T08:15:05.250723Z,2020-08-08T08:15:27.951012Z
150,HL,IMMV,35.4606,23.9811,230.0,392.0,4.4,37.7399,21.1395,20.0,2020/8/9T6:11:16.6,358.59914428,2020-08-09T06:12:13.520499Z,2020-08-09T06:12:36.288699Z
151,HL,IMMV,35.4606,23.9811,230.0,438.0,3.5,37.3485,21.2517,20.0,2020/9/18T22:17:14.2,322.197166547,2020-09-18T22:18:05.342407Z,2020-09-18T22:18:25.799370Z
152,HL,ITM,37.17872,21.92522,423.0,95.0,4.1,37.684,21.3785,20.0,2020/3/9T22:19:31.1,74.0702637571,2020-03-09T22:19:42.857185Z,2020-03-09T22:19:47.560059Z
153,HL,ITM,37.17872,21.92522,423.0,120.0,3.6,37.7106,21.5497,58.0,2020/4/6T2:31:24.0,67.7431037965,2020-04-06T02:31:34.752874Z,2020-04-06T02:31:39.054023Z
154,HL,ITM,37.17872,21.92522,423.0,391.0,3.6,37.8818,21.3419,21.0,2020/8/8T8:14:8.5,93.5288964082,2020-08-08T08:14:23.345857Z,2020-08-08T08:14:29.284199Z
155,HL,ITM,37.17872,21.92522,423.0,392.0,4.4,37.7399,21.1395,20.0,2020/8/9T6:11:16.6,93.3362103901,2020-08-09T06:11:31.415271Z,2020-08-09T06:11:37.341380Z
156,HL,ITM,37.17872,21.92522,423.0,438.0,3.5,37.3485,21.2517,20.0,2020/9/18T22:17:14.2,62.6459066807,2020-09-18T22:17:24.143795Z,2020-09-18T22:17:28.121313Z
157,HL,JAN,39.65616,20.84874,526.0,95.0,4.1,37.684,21.3785,20.0,2020/3/9T22:19:31.1,223.728986981,2020-03-09T22:20:06.612538Z,2020-03-09T22:20:20.817553Z
158,HL,JAN,39.65616,20.84874,526.0,120.0,3.6,37.7106,21.5497,58.0,2020/4/6T2:31:24.0,224.420751481,2020-04-06T02:31:59.622342Z,2020-04-06T02:32:13.871278Z
159,HL,JAN,39.65616,20.84874,526.0,391.0,3.6,37.8818,21.3419,21.0,2020/8/8T8:14:8.5,201.582234537,2020-08-08T08:14:40.497180Z,2020-08-08T08:14:53.296052Z
160,HL,JAN,39.65616,20.84874,526.0,392.0,4.4,37.7399,21.1395,20.0,2020/8/9T6:11:16.6,214.222372772,2020-08-09T06:11:50.603551Z,2020-08-09T06:12:04.204972Z
161,HL,JAN,39.65616,20.84874,526.0,438.0,3.5,37.3485,21.2517,20.0,2020/9/18T22:17:14.2,258.564192123,2020-09-18T22:17:55.241935Z,2020-09-18T22:18:11.658709Z
162,HA,KALE,38.3911,22.1398,760.0,95.0,4.1,37.684,21.3785,20.0,2020/3/9T22:19:31.1,103.087865568,2020-03-09T22:19:47.463153Z,2020-03-09T22:19:54.008415Z
163,HA,KALE,38.3911,22.1398,760.0,120.0,3.6,37.7106,21.5497,58.0,2020/4/6T2:31:24.0,91.5890323372,2020-04-06T02:31:38.537942Z,2020-04-06T02:31:44.353118Z
164,HA,KALE,38.3911,22.1398,760.0,391.0,3.6,37.8818,21.3419,21.0,2020/8/8T8:14:8.5,89.9418857463,2020-08-08T08:14:22.776490Z,2020-08-08T08:14:28.487086Z
165,HA,KALE,38.3911,22.1398,760.0,392.0,4.4,37.7399,21.1395,20.0,2020/8/9T6:11:16.6,113.711827305,2020-08-09T06:11:34.649496Z,2020-08-09T06:11:41.869295Z
166,HA,KALE,38.3911,22.1398,760.0,438.0,3.5,37.3485,21.2517,20.0,2020/9/18T22:17:14.2,139.63481679,2020-09-18T22:17:36.364257Z,2020-09-18T22:17:45.229959Z
167,HL,KARP,35.5471,27.16106,524.0,95.0,4.1,37.684,21.3785,20.0,2020/3/9T22:19:31.1,568.914012336,2020-03-09T22:21:01.403811Z,2020-03-09T22:21:37.525336Z
168,HL,KARP,35.5471,27.16106,524.0,120.0,3.6,37.7106,21.5497,58.0,2020/4/6T2:31:24.0,556.225818996,2020-04-06T02:32:52.289813Z,2020-04-06T02:33:27.605738Z
169,HL,KARP,35.5471,27.16106,524.0,391.0,3.6,37.8818,21.3419,21.0,2020/8/8T8:14:8.5,580.726467102,2020-08-08T08:15:40.678804Z,2020-08-08T08:16:17.550326Z
170,HL,KARP,35.5471,27.16106,524.0,392.0,4.4,37.7399,21.1395,20.0,2020/8/9T6:11:16.6,590.750155039,2020-08-09T06:12:50.369866Z,2020-08-09T06:13:27.877812Z
171,HL,KARP,35.5471,27.16106,524.0,438.0,3.5,37.3485,21.2517,20.0,2020/9/18T22:17:14.2,566.107928236,2020-09-18T22:18:44.058401Z,2020-09-18T22:19:20.001762Z
172,HA,KARY,38.0321,24.437,220.0,95.0,4.1,37.684,21.3785,20.0,2020/3/9T22:19:31.1,271.898634374,2020-03-09T22:20:14.258513Z,2020-03-09T22:20:31.521919Z
173,HA,KARY,38.0321,24.437,220.0,120.0,3.6,37.7106,21.5497,58.0,2020/4/6T2:31:24.0,256.52426253,2020-04-06T02:32:04.718137Z,2020-04-06T02:32:21.005392Z
174,HA,KARY,38.0321,24.437,220.0,391.0,3.6,37.8818,21.3419,21.0,2020/8/8T8:14:8.5,272.507591463,2020-08-08T08:14:51.755173Z,2020-08-08T08:15:09.057243Z
175,HA,KARY,38.0321,24.437,220.0,392.0,4.4,37.7399,21.1395,20.0,2020/8/9T6:11:16.6,291.866993492,2020-08-09T06:12:02.928094Z,2020-08-09T06:12:21.459332Z
176,HA,KARY,38.0321,24.437,220.0,438.0,3.5,37.3485,21.2517,20.0,2020/9/18T22:17:14.2,290.992770336,2020-09-18T22:18:00.389329Z,2020-09-18T22:18:18.865060Z
177,HT,KAVA,40.99666,24.513666,157.0,95.0,4.1,37.684,21.3785,20.0,2020/3/9T22:19:31.1,456.338298836,2020-03-09T22:20:43.534651Z,2020-03-09T22:21:12.508511Z
178,HT,KAVA,40.99666,24.513666,157.0,120.0,3.6,37.7106,21.5497,58.0,2020/4/6T2:31:24.0,445.314986828,2020-04-06T02:32:34.684919Z,2020-04-06T02:33:02.958886Z
179,HT,KAVA,40.99666,24.513666,157.0,391.0,3.6,37.8818,21.3419,21.0,2020/8/8T8:14:8.5,440.554406012,2020-08-08T08:15:18.429271Z,2020-08-08T08:15:46.400979Z
180,HT,KAVA,40.99666,24.513666,157.0,392.0,4.4,37.7399,21.1395,20.0,2020/8/9T6:11:16.6,463.90146991,2020-08-09T06:12:30.235154Z,2020-08-09T06:12:59.689216Z
181,HT,KAVA,40.99666,24.513666,157.0,438.0,3.5,37.3485,21.2517,20.0,2020/9/18T22:17:14.2,493.362722088,2020-09-18T22:18:32.511543Z,2020-09-18T22:19:03.836160Z
182,HL,KEK,39.7127,19.79623,227.0,95.0,4.1,37.684,21.3785,20.0,2020/3/9T22:19:31.1,263.927737776,2020-03-09T22:20:12.993292Z,2020-03-09T22:20:29.750608Z
183,HL,KEK,39.7127,19.79623,227.0,120.0,3.6,37.7106,21.5497,58.0,2020/4/6T2:31:24.0,269.534076062,2020-04-06T02:32:06.783187Z,2020-04-06T02:32:23.896461Z
184,HL,KEK,39.7127,19.79623,227.0,391.0,3.6,37.8818,21.3419,21.0,2020/8/8T8:14:8.5,243.590875241,2020-08-08T08:14:47.165218Z,2020-08-08T08:15:02.631306Z
185,HL,KEK,39.7127,19.79623,227.0,392.0,4.4,37.7399,21.1395,20.0,2020/8/9T6:11:16.6,248.19715966,2020-08-09T06:11:55.996375Z,2020-08-09T06:12:11.754924Z
186,HL,KEK,39.7127,19.79623,227.0,438.0,3.5,37.3485,21.2517,20.0,2020/9/18T22:17:14.2,291.504961348,2020-09-18T22:18:00.470629Z,2020-09-18T22:18:18.978880Z
187,HL,KLV,38.0435,22.1504,758.0,95.0,4.1,37.684,21.3785,20.0,2020/3/9T22:19:31.1,78.7799524375,2020-03-09T22:19:43.604754Z,2020-03-09T22:19:48.606656Z
188,HL,KLV,38.0435,22.1504,758.0,120.0,3.6,37.7106,21.5497,58.0,2020/4/6T2:31:24.0,64.4898595242,2020-04-06T02:31:34.236486Z,2020-04-06T02:31:38.331080Z
189,HL,KLV,38.0435,22.1504,758.0,391.0,3.6,37.8818,21.3419,21.0,2020/8/8T8:14:8.5,73.2843286083,2020-08-08T08:14:20.132433Z,2020-08-08T08:14:24.785406Z
190,HL,KLV,38.0435,22.1504,758.0,392.0,4.4,37.7399,21.1395,20.0,2020/8/9T6:11:16.6,95.0938274971,2020-08-09T06:11:31.694258Z,2020-08-09T06:11:37.731962Z
191,HL,KLV,38.0435,22.1504,758.0,438.0,3.5,37.3485,21.2517,20.0,2020/9/18T22:17:14.2,110.602034009,2020-09-18T22:17:31.755878Z,2020-09-18T22:17:38.778230Z
192,HC,KNDR,35.2348,23.6248,13.0,95.0,4.1,37.684,21.3785,20.0,2020/3/9T22:19:31.1,338.216581855,2020-03-09T22:20:24.785172Z,2020-03-09T22:20:46.259240Z
193,HC,KNDR,35.2348,23.6248,13.0,120.0,3.6,37.7106,21.5497,58.0,2020/4/6T2:31:24.0,331.738285697,2020-04-06T02:32:16.656871Z,2020-04-06T02:32:37.719619Z
194,HC,KNDR,35.2348,23.6248,13.0,391.0,3.6,37.8818,21.3419,21.0,2020/8/8T8:14:8.5,357.810014404,2020-08-08T08:15:05.295240Z,2020-08-08T08:15:28.013337Z
195,HC,KNDR,35.2348,23.6248,13.0,392.0,4.4,37.7399,21.1395,20.0,2020/8/9T6:11:16.6,356.155363827,2020-08-09T06:12:13.132597Z,2020-08-09T06:12:35.745636Z
196,HC,KNDR,35.2348,23.6248,13.0,438.0,3.5,37.3485,21.2517,20.0,2020/9/18T22:17:14.2,316.923026238,2020-09-18T22:18:04.505242Z,2020-09-18T22:18:24.627339Z
197,HT,KNT,41.162,22.898,380.0,95.0,4.1,37.684,21.3785,20.0,2020/3/9T22:19:31.1,407.685619889,2020-03-09T22:20:35.812003Z,2020-03-09T22:21:01.696804Z
198,HT,KNT,41.162,22.898,380.0,120.0,3.6,37.7106,21.5497,58.0,2020/4/6T2:31:24.0,400.367997526,2020-04-06T02:32:27.550476Z,2020-04-06T02:32:52.970666Z
199,HT,KNT,41.162,22.898,380.0,391.0,3.6,37.8818,21.3419,21.0,2020/8/8T8:14:8.5,387.968507734,2020-08-08T08:15:10.082303Z,2020-08-08T08:15:34.715224Z
200,HT,KNT,41.162,22.898,380.0,392.0,4.4,37.7399,21.1395,20.0,2020/8/9T6:11:16.6,408.949970319,2020-08-09T06:12:21.512694Z,2020-08-09T06:12:47.477771Z
201,HT,KNT,41.162,22.898,380.0,438.0,3.5,37.3485,21.2517,20.0,2020/9/18T22:17:14.2,446.561299956,2020-09-18T22:18:25.082746Z,2020-09-18T22:18:53.435844Z
202,HT,KPRO,39.95495,21.36321,837.0,95.0,4.1,37.684,21.3785,20.0,2020/3/9T22:19:31.1,252.107815565,2020-03-09T22:20:11.117114Z,2020-03-09T22:20:27.123959Z
203,HT,KPRO,39.95495,21.36321,837.0,120.0,3.6,37.7106,21.5497,58.0,2020/4/6T2:31:24.0,249.677569674,2020-04-06T02:32:03.631360Z,2020-04-06T02:32:19.483904Z
204,HT,KPRO,39.95495,21.36321,837.0,391.0,3.6,37.8818,21.3419,21.0,2020/8/8T8:14:8.5,230.157589015,2020-08-08T08:14:45.032951Z,2020-08-08T08:14:59.646131Z
205,HT,KPRO,39.95495,21.36321,837.0,392.0,4.4,37.7399,21.1395,20.0,2020/8/9T6:11:16.6,246.665392388,2020-08-09T06:11:55.753237Z,2020-08-09T06:12:11.414532Z
206,HT,KPRO,39.95495,21.36321,837.0,438.0,3.5,37.3485,21.2517,20.0,2020/9/18T22:17:14.2,289.503083273,2020-09-18T22:18:00.152870Z,2020-09-18T22:18:18.534019Z
207,HL,KSL,36.15031,29.58561,64.0,95.0,4.1,37.684,21.3785,20.0,2020/3/9T22:19:31.1,750.587860129,2020-03-09T22:21:30.240930Z,2020-03-09T22:22:17.897302Z
208,HL,KSL,36.15031,29.58561,64.0,120.0,3.6,37.7106,21.5497,58.0,2020/4/6T2:31:24.0,736.318365275,2020-04-06T02:33:20.875931Z,2020-04-06T02:34:07.626303Z
209,HL,KSL,36.15031,29.58561,64.0,391.0,3.6,37.8818,21.3419,21.0,2020/8/8T8:14:8.5,758.084832236,2020-08-08T08:16:08.830926Z,2020-08-08T08:16:56.963296Z
210,HL,KSL,36.15031,29.58561,64.0,392.0,4.4,37.7399,21.1395,20.0,2020/8/9T6:11:16.6,772.444196221,2020-08-09T06:13:19.210190Z,2020-08-09T06:14:08.254266Z
211,HL,KSL,36.15031,29.58561,64.0,438.0,3.5,37.3485,21.2517,20.0,2020/9/18T22:17:14.2,755.7599783,2020-09-18T22:19:14.161901Z,2020-09-18T22:20:02.146662Z
212,HL,KTHA,36.2566,23.0621,360.0,95.0,4.1,37.684,21.3785,20.0,2020/3/9T22:19:31.1,218.094567751,2020-03-09T22:20:05.718185Z,2020-03-09T22:20:19.565460Z
213,HL,KTHA,36.2566,23.0621,360.0,120.0,3.6,37.7106,21.5497,58.0,2020/4/6T2:31:24.0,210.155234008,2020-04-06T02:31:57.357974Z,2020-04-06T02:32:10.701163Z
214,HL,KTHA,36.2566,23.0621,360.0,391.0,3.6,37.8818,21.3419,21.0,2020/8/8T8:14:8.5,236.492360779,2020-08-08T08:14:46.038470Z,2020-08-08T08:15:01.053858Z
215,HL,KTHA,36.2566,23.0621,360.0,392.0,4.4,37.7399,21.1395,20.0,2020/8/9T6:11:16.6,237.445431643,2020-08-09T06:11:54.289751Z,2020-08-09T06:12:09.365651Z
216,HL,KTHA,36.2566,23.0621,360.0,438.0,3.5,37.3485,21.2517,20.0,2020/9/18T22:17:14.2,201.946622504,2020-09-18T22:17:46.255019Z,2020-09-18T22:17:59.077027Z
217,HL,KYMI,38.633147,24.100138,259.0,95.0,4.1,37.684,21.3785,20.0,2020/3/9T22:19:31.1,260.748294031,2020-03-09T22:20:12.488618Z,2020-03-09T22:20:29.044065Z
218,HL,KYMI,38.633147,24.100138,259.0,120.0,3.6,37.7106,21.5497,58.0,2020/4/6T2:31:24.0,245.818547649,2020-04-06T02:32:03.018817Z,2020-04-06T02:32:18.626344Z
219,HL,KYMI,38.633147,24.100138,259.0,391.0,3.6,37.8818,21.3419,21.0,2020/8/8T8:14:8.5,255.400523197,2020-08-08T08:14:49.039766Z,2020-08-08T08:15:05.255672Z
220,HL,KYMI,38.633147,24.100138,259.0,392.0,4.4,37.7399,21.1395,20.0,2020/8/9T6:11:16.6,277.667613855,2020-08-09T06:12:00.674224Z,2020-08-09T06:12:18.303914Z
221,HL,KYMI,38.633147,24.100138,259.0,438.0,3.5,37.3485,21.2517,20.0,2020/9/18T22:17:14.2,287.972688453,2020-09-18T22:17:59.909951Z,2020-09-18T22:18:18.193931Z
222,HL,KZN,40.30331,21.78209,791.0,95.0,4.1,37.684,21.3785,20.0,2020/3/9T22:19:31.1,292.878374921,2020-03-09T22:20:17.588631Z,2020-03-09T22:20:36.184083Z
223,HL,KZN,40.30331,21.78209,791.0,120.0,3.6,37.7106,21.5497,58.0,2020/4/6T2:31:24.0,288.535286231,2020-04-06T02:32:09.799252Z,2020-04-06T02:32:28.118952Z
224,HL,KZN,40.30331,21.78209,791.0,391.0,3.6,37.8818,21.3419,21.0,2020/8/8T8:14:8.5,271.513456099,2020-08-08T08:14:51.597374Z,2020-08-08T08:15:08.836324Z
225,HL,KZN,40.30331,21.78209,791.0,392.0,4.4,37.7399,21.1395,20.0,2020/8/9T6:11:16.6,289.967676812,2020-08-09T06:12:02.626615Z,2020-08-09T06:12:21.037262Z
226,HL,KZN,40.30331,21.78209,791.0,438.0,3.5,37.3485,21.2517,20.0,2020/9/18T22:17:14.2,331.236690151,2020-09-18T22:18:06.777252Z,2020-09-18T22:18:27.808153Z
227,HA,LAKA,38.2401,21.9785,505.0,392.0,4.4,37.7399,21.1395,20.0,2020/8/9T6:11:16.6,92.2743301099,2020-08-09T06:11:31.246719Z,2020-08-09T06:11:37.105407Z
228,HA,LAKA,38.2401,21.9785,505.0,438.0,3.5,37.3485,21.2517,20.0,2020/9/18T22:17:14.2,117.860772603,2020-09-18T22:17:32.908059Z,2020-09-18T22:17:40.391283Z
229,HL,LIA,39.89725,25.18055,67.0,95.0,4.1,37.684,21.3785,20.0,2020/3/9T22:19:31.1,411.614550777,2020-03-09T22:20:36.435643Z,2020-03-09T22:21:02.569900Z
230,HL,LIA,39.89725,25.18055,67.0,120.0,3.6,37.7106,21.5497,58.0,2020/4/6T2:31:24.0,397.931136333,2020-04-06T02:32:27.163672Z,2020-04-06T02:32:52.429141Z
231,HL,LIA,39.89725,25.18055,67.0,391.0,3.6,37.8818,21.3419,21.0,2020/8/8T8:14:8.5,401.15985422,2020-08-08T08:15:12.176167Z,2020-08-08T08:15:37.646634Z
232,HL,LIA,39.89725,25.18055,67.0,392.0,4.4,37.7399,21.1395,20.0,2020/8/9T6:11:16.6,424.808206463,2020-08-09T06:12:24.029874Z,2020-08-09T06:12:51.001824Z
233,HL,LIA,39.89725,25.18055,67.0,438.0,3.5,37.3485,21.2517,20.0,2020/9/18T22:17:14.2,443.888879753,2020-09-18T22:18:24.658552Z,2020-09-18T22:18:52.841973Z
234,HT,LIT,40.10333,22.48916,558.0,391.0,3.6,37.8818,21.3419,21.0,2020/8/8T8:14:8.5,265.892764903,2020-08-08T08:14:50.705201Z,2020-08-08T08:15:07.587281Z
235,HT,LKD2,38.78893,20.65779,485.0,95.0,4.1,37.684,21.3785,20.0,2020/3/9T22:19:31.1,137.926917372,2020-03-09T22:19:52.993161Z,2020-03-09T22:20:01.750426Z
236,HT,LKD2,38.78893,20.65779,485.0,120.0,3.6,37.7106,21.5497,58.0,2020/4/6T2:31:24.0,142.905983625,2020-04-06T02:31:46.683489Z,2020-04-06T02:31:55.756885Z
237,HT,LKD2,38.78893,20.65779,485.0,391.0,3.6,37.8818,21.3419,21.0,2020/8/8T8:14:8.5,117.118871157,2020-08-08T08:14:27.090297Z,2020-08-08T08:14:34.526416Z
238,HT,LKD2,38.78893,20.65779,485.0,438.0,3.5,37.3485,21.2517,20.0,2020/9/18T22:17:14.2,168.163525982,2020-09-18T22:17:40.892623Z,2020-09-18T22:17:51.569672Z
239,HL,LKR,38.64956,22.99886,185.0,95.0,4.1,37.684,21.3785,20.0,2020/3/9T22:19:31.1,177.899588973,2020-03-09T22:19:59.338030Z,2020-03-09T22:20:10.633242Z
240,HL,LKR,38.64956,22.99886,185.0,120.0,3.6,37.7106,21.5497,58.0,2020/4/6T2:31:24.0,164.26556463,2020-04-06T02:31:50.073899Z,2020-04-06T02:32:00.503459Z
241,HL,LKR,38.64956,22.99886,185.0,391.0,3.6,37.8818,21.3419,21.0,2020/8/8T8:14:8.5,168.192896742,2020-08-08T08:14:35.197285Z,2020-08-08T08:14:45.876199Z
242,HL,LKR,38.64956,22.99886,185.0,392.0,4.4,37.7399,21.1395,20.0,2020/8/9T6:11:16.6,191.631619957,2020-08-09T06:11:47.017717Z,2020-08-09T06:11:59.184804Z
243,HL,LKR,38.64956,22.99886,185.0,438.0,3.5,37.3485,21.2517,20.0,2020/9/18T22:17:14.2,210.71639353,2020-09-18T22:17:47.647047Z,2020-09-18T22:18:01.025865Z
244,HA,LOUT,37.9879,22.9743,307.0,391.0,3.6,37.8818,21.3419,21.0,2020/8/8T8:14:8.5,143.985356093,2020-08-08T08:14:31.354818Z,2020-08-08T08:14:40.496746Z
245,HA,LOUT,37.9879,22.9743,307.0,392.0,4.4,37.7399,21.1395,20.0,2020/8/9T6:11:16.6,163.779519066,2020-08-09T06:11:42.596749Z,2020-08-09T06:11:52.995449Z
246,HA,LOUT,37.9879,22.9743,307.0,438.0,3.5,37.3485,21.2517,20.0,2020/9/18T22:17:14.2,167.728481422,2020-09-18T22:17:40.823568Z,2020-09-18T22:17:51.472996Z
247,HP,LTHK,37.7095,20.8367,35.0,95.0,4.1,37.684,21.3785,20.0,2020/3/9T22:19:31.1,47.8666294461,2020-03-09T22:19:38.697878Z,2020-03-09T22:19:41.737029Z
248,HP,LTHK,37.7095,20.8367,35.0,120.0,3.6,37.7106,21.5497,58.0,2020/4/6T2:31:24.0,62.8703451451,2020-04-06T02:31:33.979420Z,2020-04-06T02:31:37.971188Z
249,HP,LTHK,37.7095,20.8367,35.0,391.0,3.6,37.8818,21.3419,21.0,2020/8/8T8:14:8.5,48.4313881265,2020-08-08T08:14:16.187522Z,2020-08-08T08:14:19.262531Z
250,HP,LTHK,37.7095,20.8367,35.0,438.0,3.5,37.3485,21.2517,20.0,2020/9/18T22:17:14.2,54.3222797426,2020-09-18T22:17:22.822584Z,2020-09-18T22:17:26.271618Z
251,HP,LTK,38.0228,22.9673,408.0,95.0,4.1,37.684,21.3785,20.0,2020/3/9T22:19:31.1,144.79243037,2020-03-09T22:19:54.082925Z,2020-03-09T22:20:03.276096Z
252,HP,LTK,38.0228,22.9673,408.0,120.0,3.6,37.7106,21.5497,58.0,2020/4/6T2:31:24.0,129.459438388,2020-04-06T02:31:44.549117Z,2020-04-06T02:31:52.768764Z
253,HP,LTK,38.0228,22.9673,408.0,391.0,3.6,37.8818,21.3419,21.0,2020/8/8T8:14:8.5,143.7087657,2020-08-08T08:14:31.310915Z,2020-08-08T08:14:40.435281Z
254,HP,LTK,38.0228,22.9673,408.0,438.0,3.5,37.3485,21.2517,20.0,2020/9/18T22:17:14.2,168.818306776,2020-09-18T22:17:40.996557Z,2020-09-18T22:17:51.715179Z
255,HA,MAGU,38.078751,23.513386,97.0,95.0,4.1,37.684,21.3785,20.0,2020/3/9T22:19:31.1,192.852062894,2020-03-09T22:20:01.711439Z,2020-03-09T22:20:13.956014Z
256,HA,MAGU,38.078751,23.513386,97.0,120.0,3.6,37.7106,21.5497,58.0,2020/4/6T2:31:24.0,177.485778795,2020-04-06T02:31:52.172346Z,2020-04-06T02:32:03.441284Z
257,HA,MAGU,38.078751,23.513386,97.0,391.0,3.6,37.8818,21.3419,21.0,2020/8/8T8:14:8.5,192.021911776,2020-08-08T08:14:38.979669Z,2020-08-08T08:14:51.171536Z
258,HA,MAGU,38.078751,23.513386,97.0,392.0,4.4,37.7399,21.1395,20.0,2020/8/9T6:11:16.6,212.115302548,2020-08-09T06:11:50.269096Z,2020-08-09T06:12:03.736734Z
259,HA,MAKR,39.0132,22.1317,532.0,95.0,4.1,37.684,21.3785,20.0,2020/3/9T22:19:31.1,161.568501172,2020-03-09T22:19:56.745794Z,2020-03-09T22:20:07.004111Z
260,HA,MAKR,39.0132,22.1317,532.0,120.0,3.6,37.7106,21.5497,58.0,2020/4/6T2:31:24.0,153.27921802,2020-04-06T02:31:48.330035Z,2020-04-06T02:31:58.062048Z
261,HL,MHLO,36.68984,24.40171,175.0,95.0,4.1,37.684,21.3785,20.0,2020/3/9T22:19:31.1,290.211725598,2020-03-09T22:20:17.165353Z,2020-03-09T22:20:35.591495Z
262,HL,MHLO,36.68984,24.40171,175.0,120.0,3.6,37.7106,21.5497,58.0,2020/4/6T2:31:24.0,277.365940276,2020-04-06T02:32:08.026340Z,2020-04-06T02:32:25.636876Z
263,HL,MHLO,36.68984,24.40171,175.0,391.0,3.6,37.8818,21.3419,21.0,2020/8/8T8:14:8.5,301.843460881,2020-08-08T08:14:56.411660Z,2020-08-08T08:15:15.576325Z
264,HL,MHLO,36.68984,24.40171,175.0,392.0,4.4,37.7399,21.1395,20.0,2020/8/9T6:11:16.6,312.103793404,2020-08-09T06:12:06.140285Z,2020-08-09T06:12:25.956399Z
265,HL,MHLO,36.68984,24.40171,175.0,438.0,3.5,37.3485,21.2517,20.0,2020/9/18T22:17:14.2,289.674674466,2020-09-18T22:18:00.180107Z,2020-09-18T22:18:18.572150Z
266,HL,NEO,39.30567,23.22189,148.0,95.0,4.1,37.684,21.3785,20.0,2020/3/9T22:19:31.1,241.373450211,2020-03-09T22:20:09.413246Z,2020-03-09T22:20:24.738544Z
267,HL,NEO,39.30567,23.22189,148.0,120.0,3.6,37.7106,21.5497,58.0,2020/4/6T2:31:24.0,229.390092676,2020-04-06T02:32:00.411126Z,2020-04-06T02:32:14.975576Z
268,HL,NEO,39.30567,23.22189,148.0,391.0,3.6,37.8818,21.3419,21.0,2020/8/8T8:14:8.5,227.603634945,2020-08-08T08:14:44.627561Z,2020-08-08T08:14:59.078586Z
269,HL,NEO,39.30567,23.22189,148.0,392.0,4.4,37.7399,21.1395,20.0,2020/8/9T6:11:16.6,251.35560238,2020-08-09T06:11:56.497715Z,2020-08-09T06:12:12.456801Z
270,HL,NEO,39.30567,23.22189,148.0,438.0,3.5,37.3485,21.2517,20.0,2020/9/18T22:17:14.2,277.249727887,2020-09-18T22:17:58.207893Z,2020-09-18T22:18:15.811051Z
271,HT,NEST,40.4147,21.0489,1056.0,95.0,4.1,37.684,21.3785,20.0,2020/3/9T22:19:31.1,304.493557707,2020-03-09T22:20:19.432311Z,2020-03-09T22:20:38.765235Z
272,HT,NEST,40.4147,21.0489,1056.0,120.0,3.6,37.7106,21.5497,58.0,2020/4/6T2:31:24.0,303.31361312,2020-04-06T02:32:12.145018Z,2020-04-06T02:32:31.403025Z
273,HL,NPS,35.26134,25.61037,288.0,95.0,4.1,37.684,21.3785,20.0,2020/3/9T22:19:31.1,464.80148554,2020-03-09T22:20:44.878014Z,2020-03-09T22:21:14.389219Z
274,HL,NPS,35.26134,25.61037,288.0,120.0,3.6,37.7106,21.5497,58.0,2020/4/6T2:31:24.0,454.08695457,2020-04-06T02:32:36.077294Z,2020-04-06T02:33:04.908212Z
275,HL,NPS,35.26134,25.61037,288.0,391.0,3.6,37.8818,21.3419,21.0,2020/8/8T8:14:8.5,480.043514596,2020-08-08T08:15:24.697383Z,2020-08-08T08:15:55.176337Z
276,HL,NPS,35.26134,25.61037,288.0,392.0,4.4,37.7399,21.1395,20.0,2020/8/9T6:11:16.6,485.788963039,2020-08-09T06:12:33.709359Z,2020-08-09T06:13:04.553103Z
277,HL,NPS,35.26134,25.61037,288.0,438.0,3.5,37.3485,21.2517,20.0,2020/9/18T22:17:14.2,454.776574879,2020-09-18T22:18:26.386758Z,2020-09-18T22:18:55.261461Z
278,HL,NVR,41.34846,23.86517,627.0,95.0,4.1,37.684,21.3785,20.0,2020/3/9T22:19:31.1,459.567063763,2020-03-09T22:20:44.047153Z,2020-03-09T22:21:13.226014Z
279,HL,NVR,41.34846,23.86517,627.0,120.0,3.6,37.7106,21.5497,58.0,2020/4/6T2:31:24.0,450.245837875,2020-04-06T02:32:35.467593Z,2020-04-06T02:33:04.054631Z
280,HL,NVR,41.34846,23.86517,627.0,391.0,3.6,37.8818,21.3419,21.0,2020/8/8T8:14:8.5,441.63966127,2020-08-08T08:15:18.601534Z,2020-08-08T08:15:46.642147Z
281,HL,NVR,41.34846,23.86517,627.0,392.0,4.4,37.7399,21.1395,20.0,2020/8/9T6:11:16.6,464.059088946,2020-08-09T06:12:30.260173Z,2020-08-09T06:12:59.724242Z
282,HL,NVR,41.34846,23.86517,627.0,438.0,3.5,37.3485,21.2517,20.0,2020/9/18T22:17:14.2,497.892620234,2020-09-18T22:18:33.230575Z,2020-09-18T22:19:04.842804Z
283,HT,NYDR,38.7135,20.6983,14.0,95.0,4.1,37.684,21.3785,20.0,2020/3/9T22:19:31.1,128.873780015,2020-03-09T22:19:51.556156Z,2020-03-09T22:19:59.738618Z
284,HT,NYDR,38.7135,20.6983,14.0,120.0,3.6,37.7106,21.5497,58.0,2020/4/6T2:31:24.0,133.985572209,2020-04-06T02:31:45.267551Z,2020-04-06T02:31:53.774572Z
285,HT,NYDR,38.7135,20.6983,14.0,391.0,3.6,37.8818,21.3419,21.0,2020/8/8T8:14:8.5,108.13212173,2020-08-08T08:14:25.663829Z,2020-08-08T08:14:32.529360Z
286,HT,NYDR,38.7135,20.6983,14.0,392.0,4.4,37.7399,21.1395,20.0,2020/8/9T6:11:16.6,114.76730998,2020-08-09T06:11:34.817033Z,2020-08-09T06:11:42.103847Z
287,HT,NYDR,38.7135,20.6983,14.0,438.0,3.5,37.3485,21.2517,20.0,2020/9/18T22:17:14.2,159.109597839,2020-09-18T22:17:39.455492Z,2020-09-18T22:17:49.557688Z
288,HL,ORTH,37.851123,20.696265,450.0,95.0,4.1,37.684,21.3785,20.0,2020/3/9T22:19:31.1,62.909537034,2020-03-09T22:19:41.085641Z,2020-03-09T22:19:45.079897Z
289,HL,ORTH,37.851123,20.696265,450.0,120.0,3.6,37.7106,21.5497,58.0,2020/4/6T2:31:24.0,76.7839836288,2020-04-06T02:31:36.187934Z,2020-04-06T02:31:41.063107Z
290,HL,ORTH,37.851123,20.696265,450.0,391.0,3.6,37.8818,21.3419,21.0,2020/8/8T8:14:8.5,56.9141684976,2020-08-08T08:14:17.533995Z,2020-08-08T08:14:21.147593Z
291,HL,ORTH,37.851123,20.696265,450.0,392.0,4.4,37.7399,21.1395,20.0,2020/8/9T6:11:16.6,40.9463161736,2020-08-09T06:11:23.099415Z,2020-08-09T06:11:25.699181Z
292,HT,OUR,40.3325,23.9791,117.0,95.0,4.1,37.684,21.3785,20.0,2020/3/9T22:19:31.1,370.351187413,2020-03-09T22:20:29.885903Z,2020-03-09T22:20:53.400264Z
293,HT,OUR,40.3325,23.9791,117.0,120.0,3.6,37.7106,21.5497,58.0,2020/4/6T2:31:24.0,359.110204984,2020-04-06T02:32:21.001620Z,2020-04-06T02:32:43.802268Z
294,HT,OUR,40.3325,23.9791,117.0,391.0,3.6,37.8818,21.3419,21.0,2020/8/8T8:14:8.5,355.003652234,2020-08-08T08:15:04.849786Z,2020-08-08T08:15:27.389700Z
295,HT,OUR,40.3325,23.9791,117.0,392.0,4.4,37.7399,21.1395,20.0,2020/8/9T6:11:16.6,378.486126918,2020-08-09T06:12:16.677163Z,2020-08-09T06:12:40.708028Z
296,HT,OUR,40.3325,23.9791,117.0,438.0,3.5,37.3485,21.2517,20.0,2020/9/18T22:17:14.2,407.141368159,2020-09-18T22:18:18.825614Z,2020-09-18T22:18:44.675860Z
297,HT,PAIG,39.9363,23.6768,217.0,95.0,4.1,37.684,21.3785,20.0,2020/3/9T22:19:31.1,319.919983989,2020-03-09T22:20:21.880950Z,2020-03-09T22:20:42.193330Z
298,HT,PAIG,39.9363,23.6768,217.0,120.0,3.6,37.7106,21.5497,58.0,2020/4/6T2:31:24.0,308.473318072,2020-04-06T02:32:12.964019Z,2020-04-06T02:32:32.549626Z
299,HT,PAIG,39.9363,23.6768,217.0,391.0,3.6,37.8818,21.3419,21.0,2020/8/8T8:14:8.5,304.99136162,2020-08-08T08:14:56.911327Z,2020-08-08T08:15:16.275858Z
300,HT,PAIG,39.9363,23.6768,217.0,392.0,4.4,37.7399,21.1395,20.0,2020/8/9T6:11:16.6,328.576029478,2020-08-09T06:12:08.754925Z,2020-08-09T06:12:29.616895Z
301,HT,PAIG,39.9363,23.6768,217.0,438.0,3.5,37.3485,21.2517,20.0,2020/9/18T22:17:14.2,356.475429271,2020-09-18T22:18:10.783401Z,2020-09-18T22:18:33.416762Z
302,HP,PDO,38.5986,21.1833,227.0,391.0,3.6,37.8818,21.3419,21.0,2020/8/8T8:14:8.5,80.7682686107,2020-08-08T08:14:21.320360Z,2020-08-08T08:14:26.448504Z
303,HP,PDO,38.5986,21.1833,227.0,438.0,3.5,37.3485,21.2517,20.0,2020/9/18T22:17:14.2,138.886380129,2020-09-18T22:17:36.245457Z,2020-09-18T22:17:45.063640Z
304,HL,PENT,40.19588,21.13842,1096.0,95.0,4.1,37.684,21.3785,20.0,2020/3/9T22:19:31.1,279.632417758,2020-03-09T22:20:15.486098Z,2020-03-09T22:20:33.240537Z
305,HL,PENT,40.19588,21.13842,1096.0,120.0,3.6,37.7106,21.5497,58.0,2020/4/6T2:31:24.0,278.197582888,2020-04-06T02:32:08.158346Z,2020-04-06T02:32:25.821685Z
306,HL,PENT,40.19588,21.13842,1096.0,391.0,3.6,37.8818,21.3419,21.0,2020/8/8T8:14:8.5,257.506016689,2020-08-08T08:14:49.373971Z,2020-08-08T08:15:05.723559Z
307,HL,PENT,40.19588,21.13842,1096.0,392.0,4.4,37.7399,21.1395,20.0,2020/8/9T6:11:16.6,272.65268786,2020-08-09T06:11:59.878204Z,2020-08-09T06:12:17.189486Z
308,HL,PENT,40.19588,21.13842,1096.0,438.0,3.5,37.3485,21.2517,20.0,2020/9/18T22:17:14.2,316.246178459,2020-09-18T22:18:04.397806Z,2020-09-18T22:18:24.476929Z
309,HP,PLEV,38.4124,21.4073,168.0,120.0,3.6,37.7106,21.5497,58.0,2020/4/6T2:31:24.0,78.8944802628,2020-04-06T02:31:36.522933Z,2020-04-06T02:31:41.532107Z
310,HP,PLEV,38.4124,21.4073,168.0,391.0,3.6,37.8818,21.3419,21.0,2020/8/8T8:14:8.5,59.1748507647,2020-08-08T08:14:17.892833Z,2020-08-08T08:14:21.649967Z
311,HP,PLEV,38.4124,21.4073,168.0,392.0,4.4,37.7399,21.1395,20.0,2020/8/9T6:11:16.6,78.2571109137,2020-08-09T06:11:29.021764Z,2020-08-09T06:11:33.990469Z
312,HP,PLEV,38.4124,21.4073,168.0,438.0,3.5,37.3485,21.2517,20.0,2020/9/18T22:17:14.2,118.87761515,2020-09-18T22:17:33.069463Z,2020-09-18T22:17:40.617248Z
313,HL,PLG,40.37328,23.44443,566.0,95.0,4.1,37.684,21.3785,20.0,2020/3/9T22:19:31.1,348.019938988,2020-03-09T22:20:26.341260Z,2020-03-09T22:20:48.437764Z
314,HL,PLG,40.37328,23.44443,566.0,120.0,3.6,37.7106,21.5497,58.0,2020/4/6T2:31:24.0,338.042834967,2020-04-06T02:32:17.657593Z,2020-04-06T02:32:39.120630Z
315,HL,PLG,40.37328,23.44443,566.0,391.0,3.6,37.8818,21.3419,21.0,2020/8/8T8:14:8.5,330.974560675,2020-08-08T08:15:01.035645Z,2020-08-08T08:15:22.049902Z
316,HL,PLG,40.37328,23.44443,566.0,392.0,4.4,37.7399,21.1395,20.0,2020/8/9T6:11:16.6,353.905238444,2020-08-09T06:12:12.775435Z,2020-08-09T06:12:35.245609Z
317,HL,PLG,40.37328,23.44443,566.0,438.0,3.5,37.3485,21.2517,20.0,2020/9/18T22:17:14.2,385.940383776,2020-09-18T22:18:15.460378Z,2020-09-18T22:18:39.964530Z
318,HL,PRK,39.24565,26.26499,130.0,95.0,4.1,37.684,21.3785,20.0,2020/3/9T22:19:31.1,460.273269929,2020-03-09T22:20:44.159249Z,2020-03-09T22:21:13.382949Z
319,HL,PRK,39.24565,26.26499,130.0,120.0,3.6,37.7106,21.5497,58.0,2020/4/6T2:31:24.0,445.266665983,2020-04-06T02:32:34.677249Z,2020-04-06T02:33:02.948148Z
320,HL,PRK,39.24565,26.26499,130.0,391.0,3.6,37.8818,21.3419,21.0,2020/8/8T8:14:8.5,454.926474943,2020-08-08T08:15:20.710552Z,2020-08-08T08:15:49.594772Z
321,HL,PRK,39.24565,26.26499,130.0,392.0,4.4,37.7399,21.1395,20.0,2020/8/9T6:11:16.6,477.285012521,2020-08-09T06:12:32.359526Z,2020-08-09T06:13:02.663336Z
322,HL,PRK,39.24565,26.26499,130.0,438.0,3.5,37.3485,21.2517,20.0,2020/9/18T22:17:14.2,486.388046693,2020-09-18T22:18:31.404452Z,2020-09-18T22:19:02.286233Z
323,HP,PRMD,39.5299,21.0965,832.0,95.0,4.1,37.684,21.3785,20.0,2020/3/9T22:19:31.1,206.378070443,2020-03-09T22:20:03.858424Z,2020-03-09T22:20:16.961793Z
324,HP,PRMD,39.5299,21.0965,832.0,120.0,3.6,37.7106,21.5497,58.0,2020/4/6T2:31:24.0,205.778772421,2020-04-06T02:31:56.663297Z,2020-04-06T02:32:09.728616Z
325,HP,PRMD,39.5299,21.0965,832.0,391.0,3.6,37.8818,21.3419,21.0,2020/8/8T8:14:8.5,184.198155249,2020-08-08T08:14:37.737802Z,2020-08-08T08:14:49.432923Z
326,HP,PRMD,39.5299,21.0965,832.0,392.0,4.4,37.7399,21.1395,20.0,2020/8/9T6:11:16.6,198.742382626,2020-08-09T06:11:48.146410Z,2020-08-09T06:12:00.764974Z
327,HP,PRMD,39.5299,21.0965,832.0,438.0,3.5,37.3485,21.2517,20.0,2020/9/18T22:17:14.2,242.526125737,2020-09-18T22:17:52.696210Z,2020-09-18T22:18:08.094695Z
328,HL,PTL,38.0473,23.8638,500.0,95.0,4.1,37.684,21.3785,20.0,2020/3/9T22:19:31.1,222.367524505,2020-03-09T22:20:06.396432Z,2020-03-09T22:20:20.515005Z
329,HL,PTL,38.0473,23.8638,500.0,120.0,3.6,37.7106,21.5497,58.0,2020/4/6T2:31:24.0,206.983235007,2020-04-06T02:31:56.854482Z,2020-04-06T02:32:09.996274Z
330,HL,PTL,38.0473,23.8638,500.0,391.0,3.6,37.8818,21.3419,21.0,2020/8/8T8:14:8.5,222.364966554,2020-08-08T08:14:43.796026Z,2020-08-08T08:14:57.914437Z
331,HL,PTL,38.0473,23.8638,500.0,392.0,4.4,37.7399,21.1395,20.0,2020/8/9T6:11:16.6,242.035508693,2020-08-09T06:11:55.018335Z,2020-08-09T06:12:10.385669Z
332,HL,PTL,38.0473,23.8638,500.0,438.0,3.5,37.3485,21.2517,20.0,2020/9/18T22:17:14.2,243.061103061,2020-09-18T22:17:52.781127Z,2020-09-18T22:18:08.213578Z
333,HP,PVO,38.616,21.525,184.0,95.0,4.1,37.684,21.3785,20.0,2020/3/9T22:19:31.1,104.24544803,2020-03-09T22:19:47.646897Z,2020-03-09T22:19:54.265655Z
334,HP,PVO,38.616,21.525,184.0,120.0,3.6,37.7106,21.5497,58.0,2020/4/6T2:31:24.0,100.522614224,2020-04-06T02:31:39.955971Z,2020-04-06T02:31:46.338359Z
335,HP,PVO,38.616,21.525,184.0,391.0,3.6,37.8818,21.3419,21.0,2020/8/8T8:14:8.5,83.0583531386,2020-08-08T08:14:21.683866Z,2020-08-08T08:14:26.957412Z
336,HP,PVO,38.616,21.525,184.0,438.0,3.5,37.3485,21.2517,20.0,2020/9/18T22:17:14.2,142.721690634,2020-09-18T22:17:36.854237Z,2020-09-18T22:17:45.915931Z
337,HP,PYL,36.8955,21.742,226.0,120.0,3.6,37.7106,21.5497,58.0,2020/4/6T2:31:24.0,92.0553896523,2020-04-06T02:31:38.611967Z,2020-04-06T02:31:44.456753Z
338,HP,PYL,36.8955,21.742,226.0,391.0,3.6,37.8818,21.3419,21.0,2020/8/8T8:14:8.5,115.055772826,2020-08-08T08:14:26.762821Z,2020-08-08T08:14:34.067950Z
339,HP,PYL,36.8955,21.742,226.0,438.0,3.5,37.3485,21.2517,20.0,2020/9/18T22:17:14.2,66.5286894847,2020-09-18T22:17:24.760109Z,2020-09-18T22:17:28.984153Z
340,HL,RDO,41.14503,25.53553,116.0,95.0,4.1,37.684,21.3785,20.0,2020/3/9T22:19:31.1,525.0467732,2020-03-09T22:20:54.440758Z,2020-03-09T22:21:27.777061Z
341,HL,RDO,41.14503,25.53553,116.0,120.0,3.6,37.7106,21.5497,58.0,2020/4/6T2:31:24.0,512.879022458,2020-04-06T02:32:45.409369Z,2020-04-06T02:33:17.973116Z
342,HL,RDO,41.14503,25.53553,116.0,391.0,3.6,37.8818,21.3419,21.0,2020/8/8T8:14:8.5,511.069683126,2020-08-08T08:15:29.622172Z,2020-08-08T08:16:02.071041Z
343,HL,RDO,41.14503,25.53553,116.0,392.0,4.4,37.7399,21.1395,20.0,2020/8/9T6:11:16.6,534.766317317,2020-08-09T06:12:41.483542Z,2020-08-09T06:13:15.436959Z
344,HL,RDO,41.14503,25.53553,116.0,438.0,3.5,37.3485,21.2517,20.0,2020/9/18T22:17:14.2,560.563741486,2020-09-18T22:18:43.178372Z,2020-09-18T22:19:18.769720Z
345,HL,RLS,38.05586,21.46475,97.0,95.0,4.1,37.684,21.3785,20.0,2020/3/9T22:19:31.1,41.9662624925,2020-03-09T22:19:37.761312Z,2020-03-09T22:19:40.425836Z
346,HL,RLS,38.05586,21.46475,97.0,120.0,3.6,37.7106,21.5497,58.0,2020/4/6T2:31:24.0,39.0440596892,2020-04-06T02:31:30.197470Z,2020-04-06T02:31:32.676458Z
347,HL,RLS,38.05586,21.46475,97.0,391.0,3.6,37.8818,21.3419,21.0,2020/8/8T8:14:8.5,22.1314536586,2020-08-08T08:14:12.012929Z,2020-08-08T08:14:13.418101Z
348,HL,RLS,38.05586,21.46475,97.0,392.0,4.4,37.7399,21.1395,20.0,2020/8/9T6:11:16.6,45.2577652597,2020-08-09T06:11:23.783772Z,2020-08-09T06:11:26.657281Z
349,HL,RLS,38.05586,21.46475,97.0,438.0,3.5,37.3485,21.2517,20.0,2020/9/18T22:17:14.2,80.7272674448,2020-09-18T22:17:27.013852Z,2020-09-18T22:17:32.139393Z
350,HT,RTZL,38.076,20.7715,103.0,95.0,4.1,37.684,21.3785,20.0,2020/3/9T22:19:31.1,68.8821002232,2020-03-09T22:19:42.033667Z,2020-03-09T22:19:46.407133Z
351,HT,RTZL,38.076,20.7715,103.0,120.0,3.6,37.7106,21.5497,58.0,2020/4/6T2:31:24.0,79.563030388,2020-04-06T02:31:36.629052Z,2020-04-06T02:31:41.680673Z
352,HT,RTZL,38.076,20.7715,103.0,391.0,3.6,37.8818,21.3419,21.0,2020/8/8T8:14:8.5,54.5531788245,2020-08-08T08:14:17.159235Z,2020-08-08T08:14:20.622929Z
353,HT,RTZL,38.076,20.7715,103.0,392.0,4.4,37.7399,21.1395,20.0,2020/8/9T6:11:16.6,49.3866147211,2020-08-09T06:11:24.439145Z,2020-08-09T06:11:27.574803Z
354,HL,SAP3,36.43561,25.34539,205.0,95.0,4.1,37.684,21.3785,20.0,2020/3/9T22:19:31.1,379.008165827,2020-03-09T22:20:31.260026Z,2020-03-09T22:20:55.324037Z
355,HL,SAP3,36.43561,25.34539,205.0,391.0,3.6,37.8818,21.3419,21.0,2020/8/8T8:14:8.5,390.109200002,2020-08-08T08:15:10.422095Z,2020-08-08T08:15:35.190933Z
356,HL,SAP3,36.43561,25.34539,205.0,392.0,4.4,37.7399,21.1395,20.0,2020/8/9T6:11:16.6,400.93168383,2020-08-09T06:12:20.239950Z,2020-08-09T06:12:45.695930Z
357,HL,SAP3,36.43561,25.34539,205.0,438.0,3.5,37.3485,21.2517,20.0,2020/9/18T22:17:14.2,378.666008504,2020-09-18T22:18:14.305716Z,2020-09-18T22:18:38.348002Z
358,HP,SERG,38.4133,22.0566,480.0,95.0,4.1,37.684,21.3785,20.0,2020/3/9T22:19:31.1,100.477240479,2020-03-09T22:19:47.048768Z,2020-03-09T22:19:53.428276Z
359,HP,SERG,38.4133,22.0566,480.0,120.0,3.6,37.7106,21.5497,58.0,2020/4/6T2:31:24.0,89.7931338855,2020-04-06T02:31:38.252878Z,2020-04-06T02:31:43.954030Z
360,HP,SERG,38.4133,22.0566,480.0,391.0,3.6,37.8818,21.3419,21.0,2020/8/8T8:14:8.5,86.0549192989,2020-08-08T08:14:22.159511Z,2020-08-08T08:14:27.623315Z
361,HP,SERG,38.4133,22.0566,480.0,438.0,3.5,37.3485,21.2517,20.0,2020/9/18T22:17:14.2,137.775286419,2020-09-18T22:17:36.069093Z,2020-09-18T22:17:44.816730Z
362,HT,SIGR,39.2114,25.8553,90.0,95.0,4.1,37.684,21.3785,20.0,2020/3/9T22:19:31.1,425.934116148,2020-03-09T22:20:38.708590Z,2020-03-09T22:21:05.752026Z
363,HT,SIGR,39.2114,25.8553,90.0,120.0,3.6,37.7106,21.5497,58.0,2020/4/6T2:31:24.0,411.004699203,2020-04-06T02:32:29.238841Z,2020-04-06T02:32:55.334378Z
364,HL,SIVA,35.01777,24.81204,96.0,391.0,3.6,37.8818,21.3419,21.0,2020/8/8T8:14:8.5,444.659193314,2020-08-08T08:15:19.080824Z,2020-08-08T08:15:47.313154Z
365,HL,SIVA,35.01777,24.81204,96.0,392.0,4.4,37.7399,21.1395,20.0,2020/8/9T6:11:16.6,446.958337001,2020-08-09T06:12:27.545768Z,2020-08-09T06:12:55.924075Z
366,HL,SIVA,35.01777,24.81204,96.0,438.0,3.5,37.3485,21.2517,20.0,2020/9/18T22:17:14.2,411.594843519,2020-09-18T22:18:19.532515Z,2020-09-18T22:18:45.665521Z
367,HL,SKY,38.8831,24.5482,268.0,95.0,4.1,37.684,21.3785,20.0,2020/3/9T22:19:31.1,307.589147734,2020-03-09T22:20:19.923674Z,2020-03-09T22:20:39.453144Z
368,HL,SKY,38.8831,24.5482,268.0,120.0,3.6,37.7106,21.5497,58.0,2020/4/6T2:31:24.0,292.792974554,2020-04-06T02:32:10.475075Z,2020-04-06T02:32:29.065105Z
369,HL,SKY,38.8831,24.5482,268.0,391.0,3.6,37.8818,21.3419,21.0,2020/8/8T8:14:8.5,301.369261849,2020-08-08T08:14:56.336391Z,2020-08-08T08:15:15.470947Z
370,HL,SKY,38.8831,24.5482,268.0,392.0,4.4,37.7399,21.1395,20.0,2020/8/9T6:11:16.6,323.978901265,2020-08-09T06:12:08.025222Z,2020-08-09T06:12:28.595311Z
371,HL,SMG,37.70425,26.83772,348.0,95.0,4.1,37.684,21.3785,20.0,2020/3/9T22:19:31.1,481.418718633,2020-03-09T22:20:47.515670Z,2020-03-09T22:21:18.081937Z
372,HL,SMG,37.70425,26.83772,348.0,120.0,3.6,37.7106,21.5497,58.0,2020/4/6T2:31:24.0,466.237758653,2020-04-06T02:32:38.005993Z,2020-04-06T02:33:07.608391Z
373,HL,SMTH,40.47094,25.53045,365.0,95.0,4.1,37.684,21.3785,20.0,2020/3/9T22:19:31.1,474.033718191,2020-03-09T22:20:46.343447Z,2020-03-09T22:21:16.440826Z
374,HL,SMTH,40.47094,25.53045,365.0,120.0,3.6,37.7106,21.5497,58.0,2020/4/6T2:31:24.0,460.902185037,2020-04-06T02:32:37.159077Z,2020-04-06T02:33:06.422708Z
375,HL,SMTH,40.47094,25.53045,365.0,391.0,3.6,37.8818,21.3419,21.0,2020/8/8T8:14:8.5,462.095053928,2020-08-08T08:15:21.848421Z,2020-08-08T08:15:51.187790Z
376,HL,SMTH,40.47094,25.53045,365.0,392.0,4.4,37.7399,21.1395,20.0,2020/8/9T6:11:16.6,485.870495607,2020-08-09T06:12:33.722301Z,2020-08-09T06:13:04.571221Z
377,HL,SMTH,40.47094,25.53045,365.0,438.0,3.5,37.3485,21.2517,20.0,2020/9/18T22:17:14.2,507.702314195,2020-09-18T22:18:34.787669Z,2020-09-18T22:19:07.022736Z
378,HA,SNT5,36.4037,25.3953,124.0,95.0,4.1,37.684,21.3785,20.0,2020/3/9T22:19:31.1,384.505492635,2020-03-09T22:20:32.132618Z,2020-03-09T22:20:56.545665Z
379,HA,SNT5,36.4037,25.3953,124.0,120.0,3.6,37.7106,21.5497,58.0,2020/4/6T2:31:24.0,371.486829917,2020-04-06T02:32:22.966163Z,2020-04-06T02:32:46.552629Z
380,HA,SNT5,36.4037,25.3953,124.0,391.0,3.6,37.8818,21.3419,21.0,2020/8/8T8:14:8.5,395.675811031,2020-08-08T08:15:11.305684Z,2020-08-08T08:15:36.427958Z
381,HA,SNT5,36.4037,25.3953,124.0,392.0,4.4,37.7399,21.1395,20.0,2020/8/9T6:11:16.6,406.423335156,2020-08-09T06:12:21.111641Z,2020-08-09T06:12:46.916297Z
382,HA,SNT5,36.4037,25.3953,124.0,438.0,3.5,37.3485,21.2517,20.0,2020/9/18T22:17:14.2,383.978529948,2020-09-18T22:18:15.148973Z,2020-09-18T22:18:39.528562Z
383,HT,SOH,40.8217,23.3539,670.0,95.0,4.1,37.684,21.3785,20.0,2020/3/9T22:19:31.1,387.812135502,2020-03-09T22:20:32.657482Z,2020-03-09T22:20:57.280475Z
384,HT,SOH,40.8217,23.3539,670.0,120.0,3.6,37.7106,21.5497,58.0,2020/4/6T2:31:24.0,378.845820045,2020-04-06T02:32:24.134257Z,2020-04-06T02:32:48.187960Z
385,HT,SOH,40.8217,23.3539,670.0,391.0,3.6,37.8818,21.3419,21.0,2020/8/8T8:14:8.5,369.579688535,2020-08-08T08:15:07.163443Z,2020-08-08T08:15:30.628820Z
386,HT,SOH,40.8217,23.3539,670.0,392.0,4.4,37.7399,21.1395,20.0,2020/8/9T6:11:16.6,391.842625106,2020-08-09T06:12:18.797242Z,2020-08-09T06:12:43.676139Z
387,HT,SOH,40.8217,23.3539,670.0,438.0,3.5,37.3485,21.2517,20.0,2020/9/18T22:17:14.2,426.295190803,2020-09-18T22:18:21.865903Z,2020-09-18T22:18:48.932265Z
388,HT,SRS,41.10866,23.595,314.0,95.0,4.1,37.684,21.3785,20.0,2020/3/9T22:19:31.1,425.423148328,2020-03-09T22:20:38.627484Z,2020-03-09T22:21:05.638477Z
389,HT,SRS,41.10866,23.595,314.0,120.0,3.6,37.7106,21.5497,58.0,2020/4/6T2:31:24.0,416.327474305,2020-04-06T02:32:30.083726Z,2020-04-06T02:32:56.517217Z
390,HT,SRS,41.10866,23.595,314.0,391.0,3.6,37.8818,21.3419,21.0,2020/8/8T8:14:8.5,407.286219624,2020-08-08T08:15:13.148606Z,2020-08-08T08:15:39.008049Z
391,HT,SRS,41.10866,23.595,314.0,392.0,4.4,37.7399,21.1395,20.0,2020/8/9T6:11:16.6,429.590553481,2020-08-09T06:12:24.788977Z,2020-08-09T06:12:52.064567Z
392,HT,SRS,41.10866,23.595,314.0,438.0,3.5,37.3485,21.2517,20.0,2020/9/18T22:17:14.2,463.854139869,2020-09-18T22:18:27.827641Z,2020-09-18T22:18:57.278698Z
393,HA,STFN,38.176616,23.544045,589.0,95.0,4.1,37.684,21.3785,20.0,2020/3/9T22:19:31.1,198.07635791,2020-03-09T22:20:02.540692Z,2020-03-09T22:20:15.116968Z
394,HA,STFN,38.176616,23.544045,589.0,120.0,3.6,37.7106,21.5497,58.0,2020/4/6T2:31:24.0,182.770888401,2020-04-06T02:31:53.011252Z,2020-04-06T02:32:04.615753Z
395,HA,STFN,38.176616,23.544045,589.0,391.0,3.6,37.8818,21.3419,21.0,2020/8/8T8:14:8.5,196.088696042,2020-08-08T08:14:39.625190Z,2020-08-08T08:14:52.075266Z
396,HA,STFN,38.176616,23.544045,589.0,392.0,4.4,37.7399,21.1395,20.0,2020/8/9T6:11:16.6,216.798850737,2020-08-09T06:11:51.012516Z,2020-08-09T06:12:04.777522Z
397,HA,STFN,38.176616,23.544045,589.0,438.0,3.5,37.3485,21.2517,20.0,2020/9/18T22:17:14.2,221.910849552,2020-09-18T22:17:49.423944Z,2020-09-18T22:18:03.513522Z
398,HC,STIA,35.2021,26.0909,93.0,120.0,3.6,37.7106,21.5497,58.0,2020/4/6T2:31:24.0,493.050220171,2020-04-06T02:32:42.261940Z,2020-04-06T02:33:13.566716Z
399,HC,STIA,35.2021,26.0909,93.0,391.0,3.6,37.8818,21.3419,21.0,2020/8/8T8:14:8.5,518.776506577,2020-08-08T08:15:30.845477Z,2020-08-08T08:16:03.783668Z
400,HC,STIA,35.2021,26.0909,93.0,392.0,4.4,37.7399,21.1395,20.0,2020/8/9T6:11:16.6,525.458890706,2020-08-09T06:12:40.006173Z,2020-08-09T06:13:13.368642Z
401,HC,STIA,35.2021,26.0909,93.0,438.0,3.5,37.3485,21.2517,20.0,2020/9/18T22:17:14.2,495.66033077,2020-09-18T22:18:32.876243Z,2020-09-18T22:19:04.346740Z
402,HL,TETR,39.3445,21.274667,942.0,95.0,4.1,37.684,21.3785,20.0,2020/3/9T22:19:31.1,184.550658193,2020-03-09T22:20:00.393755Z,2020-03-09T22:20:12.111257Z
403,HL,TETR,39.3445,21.274667,942.0,120.0,3.6,37.7106,21.5497,58.0,2020/4/6T2:31:24.0,182.954673509,2020-04-06T02:31:53.040424Z,2020-04-06T02:32:04.656594Z
404,HL,TETR,39.3445,21.274667,942.0,391.0,3.6,37.8818,21.3419,21.0,2020/8/8T8:14:8.5,162.479976341,2020-08-08T08:14:34.290472Z,2020-08-08T08:14:44.606661Z
405,HL,TETR,39.3445,21.274667,942.0,392.0,4.4,37.7399,21.1395,20.0,2020/8/9T6:11:16.6,178.513373497,2020-08-09T06:11:44.935456Z,2020-08-09T06:11:56.269639Z
406,HL,TETR,39.3445,21.274667,942.0,438.0,3.5,37.3485,21.2517,20.0,2020/9/18T22:17:14.2,221.573310875,2020-09-18T22:17:49.370367Z,2020-09-18T22:18:03.438514Z
407,HA,THAL,38.0357,22.6634,196.0,391.0,3.6,37.8818,21.3419,21.0,2020/8/8T8:14:8.5,117.384302201,2020-08-08T08:14:27.132429Z,2020-08-08T08:14:34.585400Z
408,HA,THAL,38.0357,22.6634,196.0,392.0,4.4,37.7399,21.1395,20.0,2020/8/9T6:11:16.6,138.011969085,2020-08-09T06:11:38.506662Z,2020-08-09T06:11:47.269326Z
409,HA,THAL,38.0357,22.6634,196.0,438.0,3.5,37.3485,21.2517,20.0,2020/9/18T22:17:14.2,146.011774147,2020-09-18T22:17:37.376472Z,2020-09-18T22:17:46.647061Z
410,HT,THAS,40.6064,24.7194,67.0,95.0,4.1,37.684,21.3785,20.0,2020/3/9T22:19:31.1,434.29643041,2020-03-09T22:20:40.035941Z,2020-03-09T22:21:07.610318Z
411,HT,THAS,40.6064,24.7194,67.0,120.0,3.6,37.7106,21.5497,58.0,2020/4/6T2:31:24.0,422.32236605,2020-04-06T02:32:31.035296Z,2020-04-06T02:32:57.849415Z
412,HT,THAS,40.6064,24.7194,67.0,391.0,3.6,37.8818,21.3419,21.0,2020/8/8T8:14:8.5,420.064496079,2020-08-08T08:15:15.176904Z,2020-08-08T08:15:41.847666Z
413,HT,THAS,40.6064,24.7194,67.0,392.0,4.4,37.7399,21.1395,20.0,2020/8/9T6:11:16.6,443.737666467,2020-08-09T06:12:27.034550Z,2020-08-09T06:12:55.208370Z
414,HT,THAS,40.6064,24.7194,67.0,438.0,3.5,37.3485,21.2517,20.0,2020/9/18T22:17:14.2,470.128259569,2020-09-18T22:18:28.823533Z,2020-09-18T22:18:58.672947Z
415,HT,THE,40.6319,22.9628,132.0,95.0,4.1,37.684,21.3785,20.0,2020/3/9T22:19:31.1,354.747049663,2020-03-09T22:20:27.409056Z,2020-03-09T22:20:49.932678Z
416,HT,THE,40.6319,22.9628,132.0,120.0,3.6,37.7106,21.5497,58.0,2020/4/6T2:31:24.0,346.533360031,2020-04-06T02:32:19.005295Z,2020-04-06T02:32:41.007413Z
417,HT,THE,40.6319,22.9628,132.0,391.0,3.6,37.8818,21.3419,21.0,2020/8/8T8:14:8.5,335.827158687,2020-08-08T08:15:01.805898Z,2020-08-08T08:15:23.128257Z
418,HT,THE,40.6319,22.9628,132.0,392.0,4.4,37.7399,21.1395,20.0,2020/8/9T6:11:16.6,357.608430412,2020-08-09T06:12:13.363243Z,2020-08-09T06:12:36.068540Z
419,HT,THE,40.6319,22.9628,132.0,438.0,3.5,37.3485,21.2517,20.0,2020/9/18T22:17:14.2,393.477586987,2020-09-18T22:18:16.656760Z,2020-09-18T22:18:41.639464Z
420,HL,THERA,36.366992,25.475263,288.0,95.0,4.1,37.684,21.3785,20.0,2020/3/9T22:19:31.1,392.701015592,2020-03-09T22:20:33.433495Z,2020-03-09T22:20:58.366892Z
421,HL,THERA,36.366992,25.475263,288.0,120.0,3.6,37.7106,21.5497,58.0,2020/4/6T2:31:24.0,379.700889747,2020-04-06T02:32:24.269982Z,2020-04-06T02:32:48.377975Z
422,HL,THERA,36.366992,25.475263,288.0,391.0,3.6,37.8818,21.3419,21.0,2020/8/8T8:14:8.5,403.907794207,2020-08-08T08:15:12.612348Z,2020-08-08T08:15:38.257288Z
423,HL,THERA,36.366992,25.475263,288.0,392.0,4.4,37.7399,21.1395,20.0,2020/8/9T6:11:16.6,414.615198312,2020-08-09T06:12:22.411936Z,2020-08-09T06:12:48.736711Z
424,HL,THERA,36.366992,25.475263,288.0,438.0,3.5,37.3485,21.2517,20.0,2020/9/18T22:17:14.2,392.037927784,2020-09-18T22:18:16.428243Z,2020-09-18T22:18:41.319540Z
425,HL,THL,39.56468,22.0144,86.0,95.0,4.1,37.684,21.3785,20.0,2020/3/9T22:19:31.1,215.988614032,2020-03-09T22:20:05.383907Z,2020-03-09T22:20:19.097470Z
426,HL,THL,39.56468,22.0144,86.0,120.0,3.6,37.7106,21.5497,58.0,2020/4/6T2:31:24.0,209.756963563,2020-04-06T02:31:57.294756Z,2020-04-06T02:32:10.612659Z
427,HL,THL,39.56468,22.0144,86.0,391.0,3.6,37.8818,21.3419,21.0,2020/8/8T8:14:8.5,195.75502327,2020-08-08T08:14:39.572226Z,2020-08-08T08:14:52.001116Z
428,HL,THL,39.56468,22.0144,86.0,392.0,4.4,37.7399,21.1395,20.0,2020/8/9T6:11:16.6,216.407080091,2020-08-09T06:11:50.950330Z,2020-08-09T06:12:04.690462Z
429,HL,THL,39.56468,22.0144,86.0,438.0,3.5,37.3485,21.2517,20.0,2020/9/18T22:17:14.2,254.852738776,2020-09-18T22:17:54.652816Z,2020-09-18T22:18:10.833942Z
430,HT,TSLK,38.8249,20.6554,212.0,95.0,4.1,37.684,21.3785,20.0,2020/3/9T22:19:31.1,141.575136442,2020-03-09T22:19:53.572244Z,2020-03-09T22:20:02.561141Z
431,HT,TSLK,38.8249,20.6554,212.0,120.0,3.6,37.7106,21.5497,58.0,2020/4/6T2:31:24.0,146.367374485,2020-04-06T02:31:47.232917Z,2020-04-06T02:31:56.526083Z
432,HT,TSLK,38.8249,20.6554,212.0,391.0,3.6,37.8818,21.3419,21.0,2020/8/8T8:14:8.5,120.66471857,2020-08-08T08:14:27.653130Z,2020-08-08T08:14:35.314382Z
433,HT,TSLK,38.8249,20.6554,212.0,392.0,4.4,37.7399,21.1395,20.0,2020/8/9T6:11:16.6,127.667559857,2020-08-09T06:11:36.864692Z,2020-08-09T06:11:44.970569Z
434,HT,TSLK,38.8249,20.6554,212.0,438.0,3.5,37.3485,21.2517,20.0,2020/9/18T22:17:14.2,172.02360891,2020-09-18T22:17:41.505335Z,2020-09-18T22:17:52.427469Z
435,HT,TYRN,39.711,22.2325,151.0,391.0,3.6,37.8818,21.3419,21.0,2020/8/8T8:14:8.5,217.299280987,2020-08-08T08:14:42.991949Z,2020-08-08T08:14:56.788729Z
436,HT,TYRN,39.711,22.2325,151.0,392.0,4.4,37.7399,21.1395,20.0,2020/8/9T6:11:16.6,238.558536708,2020-08-09T06:11:54.466434Z,2020-08-09T06:12:09.613008Z
437,HT,TYRN,39.711,22.2325,151.0,438.0,3.5,37.3485,21.2517,20.0,2020/9/18T22:17:14.2,275.840018816,2020-09-18T22:17:57.984130Z,2020-09-18T22:18:15.497782Z
438,HP,UPR,38.2836,21.7864,138.0,391.0,3.6,37.8818,21.3419,21.0,2020/8/8T8:14:8.5,59.2443495858,2020-08-08T08:14:17.903865Z,2020-08-08T08:14:21.665411Z
439,HP,UPR,38.2836,21.7864,138.0,438.0,3.5,37.3485,21.2517,20.0,2020/9/18T22:17:14.2,113.968336495,2020-09-18T22:17:32.290212Z,2020-09-18T22:17:39.526297Z
440,HL,VAM,35.407,24.1997,225.0,95.0,4.1,37.684,21.3785,20.0,2020/3/9T22:19:31.1,357.251773599,2020-03-09T22:20:27.806631Z,2020-03-09T22:20:50.489283Z
441,HL,VAM,35.407,24.1997,225.0,120.0,3.6,37.7106,21.5497,58.0,2020/4/6T2:31:24.0,348.717629038,2020-04-06T02:32:19.352005Z,2020-04-06T02:32:41.492806Z
442,HL,VAM,35.407,24.1997,225.0,391.0,3.6,37.8818,21.3419,21.0,2020/8/8T8:14:8.5,375.099922012,2020-08-08T08:15:08.039670Z,2020-08-08T08:15:31.855538Z
443,HL,VAM,35.407,24.1997,225.0,392.0,4.4,37.7399,21.1395,20.0,2020/8/9T6:11:16.6,376.843517141,2020-08-09T06:12:16.416431Z,2020-08-09T06:12:40.343004Z
444,HL,VAM,35.407,24.1997,225.0,438.0,3.5,37.3485,21.2517,20.0,2020/9/18T22:17:14.2,341.126557523,2020-09-18T22:18:08.347073Z,2020-09-18T22:18:30.005902Z
445,HA,VILL,38.1642,23.3122,650.0,95.0,4.1,37.684,21.3785,20.0,2020/3/9T22:19:31.1,178.17245981,2020-03-09T22:19:59.381343Z,2020-03-09T22:20:10.693880Z
446,HA,VILL,38.1642,23.3122,650.0,120.0,3.6,37.7106,21.5497,58.0,2020/4/6T2:31:24.0,162.909571852,2020-04-06T02:31:49.858662Z,2020-04-06T02:32:00.202127Z
447,HA,VILL,38.1642,23.3122,650.0,391.0,3.6,37.8818,21.3419,21.0,2020/8/8T8:14:8.5,175.816593431,2020-08-08T08:14:36.407396Z,2020-08-08T08:14:47.570354Z
448,HA,VILL,38.1642,23.3122,650.0,392.0,4.4,37.7399,21.1395,20.0,2020/8/9T6:11:16.6,196.675305849,2020-08-09T06:11:47.818303Z,2020-08-09T06:12:00.305624Z
449,HA,VILL,38.1642,23.3122,650.0,438.0,3.5,37.3485,21.2517,20.0,2020/9/18T22:17:14.2,202.889507122,2020-09-18T22:17:46.404684Z,2020-09-18T22:17:59.286557Z
450,HL,VLI,36.71803,22.94686,220.0,95.0,4.1,37.684,21.3785,20.0,2020/3/9T22:19:31.1,175.71942841,2020-03-09T22:19:58.991973Z,2020-03-09T22:20:10.148762Z
451,HL,VLI,36.71803,22.94686,220.0,120.0,3.6,37.7106,21.5497,58.0,2020/4/6T2:31:24.0,165.869559499,2020-04-06T02:31:50.328502Z,2020-04-06T02:32:00.859902Z
452,HL,VLI,36.71803,22.94686,220.0,391.0,3.6,37.8818,21.3419,21.0,2020/8/8T8:14:8.5,192.167066288,2020-08-08T08:14:39.002709Z,2020-08-08T08:14:51.203793Z
453,HL,VLI,36.71803,22.94686,220.0,392.0,4.4,37.7399,21.1395,20.0,2020/8/9T6:11:16.6,196.430099792,2020-08-09T06:11:47.779381Z,2020-08-09T06:12:00.251133Z
454,HL,VLI,36.71803,22.94686,220.0,438.0,3.5,37.3485,21.2517,20.0,2020/9/18T22:17:14.2,166.259070308,2020-09-18T22:17:40.590329Z,2020-09-18T22:17:51.146460Z
455,HL,VLS,38.17683,20.5886,402.0,95.0,4.1,37.684,21.3785,20.0,2020/3/9T22:19:31.1,88.4017318269,2020-03-09T22:19:45.132021Z,2020-03-09T22:19:50.744829Z
456,HL,VLS,38.17683,20.5886,402.0,120.0,3.6,37.7106,21.5497,58.0,2020/4/6T2:31:24.0,99.0704309886,2020-04-06T02:31:39.725465Z,2020-04-06T02:31:46.015651Z
457,HL,VLS,38.17683,20.5886,402.0,391.0,3.6,37.8818,21.3419,21.0,2020/8/8T8:14:8.5,73.8020190751,2020-08-08T08:14:20.214606Z,2020-08-08T08:14:24.900449Z
458,HL,VLS,38.17683,20.5886,402.0,392.0,4.4,37.7399,21.1395,20.0,2020/8/9T6:11:16.6,68.5278850806,2020-08-09T06:11:27.477442Z,2020-08-09T06:11:31.828419Z
459,HL,VLS,38.17683,20.5886,402.0,438.0,3.5,37.3485,21.2517,20.0,2020/9/18T22:17:14.2,108.933602753,2020-09-18T22:17:31.491048Z,2020-09-18T22:17:38.407467Z
460,HP,VLX,37.3703,22.3793,1035.0,95.0,4.1,37.684,21.3785,20.0,2020/3/9T22:19:31.1,95.0741655411,2020-03-09T22:19:46.191137Z,2020-03-09T22:19:52.227592Z
461,HP,VLX,37.3703,22.3793,1035.0,120.0,3.6,37.7106,21.5497,58.0,2020/4/6T2:31:24.0,82.4813727748,2020-04-06T02:31:37.092281Z,2020-04-06T02:31:42.329194Z
462,HP,VLX,37.3703,22.3793,1035.0,391.0,3.6,37.8818,21.3419,21.0,2020/8/8T8:14:8.5,107.751496952,2020-08-08T08:14:25.603412Z,2020-08-08T08:14:32.444777Z
463,HP,VLX,37.3703,22.3793,1035.0,392.0,4.4,37.7399,21.1395,20.0,2020/8/9T6:11:16.6,116.98120268,2020-08-09T06:11:35.168445Z,2020-08-09T06:11:42.595823Z
464,HP,VLX,37.3703,22.3793,1035.0,438.0,3.5,37.3485,21.2517,20.0,2020/9/18T22:17:14.2,99.9294539189,2020-09-18T22:17:30.061818Z,2020-09-18T22:17:36.406545Z
465,HL,VLY,37.8524,23.7942,256.0,95.0,4.1,37.684,21.3785,20.0,2020/3/9T22:19:31.1,213.656177376,2020-03-09T22:20:05.013679Z,2020-03-09T22:20:18.579151Z
466,HL,VLY,37.8524,23.7942,256.0,120.0,3.6,37.7106,21.5497,58.0,2020/4/6T2:31:24.0,198.344228677,2020-04-06T02:31:55.483211Z,2020-04-06T02:32:08.076495Z
467,HL,VLY,37.8524,23.7942,256.0,391.0,3.6,37.8818,21.3419,21.0,2020/8/8T8:14:8.5,215.798312365,2020-08-08T08:14:42.753700Z,2020-08-08T08:14:56.455181Z
468,HL,VLY,37.8524,23.7942,256.0,392.0,4.4,37.7399,21.1395,20.0,2020/8/9T6:11:16.6,234.138187978,2020-08-09T06:11:53.764792Z,2020-08-09T06:12:08.630708Z
469,HL,VLY,37.8524,23.7942,256.0,438.0,3.5,37.3485,21.2517,20.0,2020/9/18T22:17:14.2,231.372574122,2020-09-18T22:17:50.925805Z,2020-09-18T22:18:05.616128Z
470,HP,VVK,38.4222,21.8115,651.0,95.0,4.1,37.684,21.3785,20.0,2020/3/9T22:19:31.1,90.3249041654,2020-03-09T22:19:45.437286Z,2020-03-09T22:19:51.172201Z
471,HP,VVK,38.4222,21.8115,651.0,120.0,3.6,37.7106,21.5497,58.0,2020/4/6T2:31:24.0,82.2621700348,2020-04-06T02:31:37.057487Z,2020-04-06T02:31:42.280482Z
472,HP,VVK,38.4222,21.8115,651.0,391.0,3.6,37.8818,21.3419,21.0,2020/8/8T8:14:8.5,72.7510398587,2020-08-08T08:14:20.047784Z,2020-08-08T08:14:24.666898Z
473,HP,VVK,38.4222,21.8115,651.0,392.0,4.4,37.7399,21.1395,20.0,2020/8/9T6:11:16.6,95.9793771665,2020-08-09T06:11:31.834822Z,2020-08-09T06:11:37.928750Z
474,HP,VVK,38.4222,21.8115,651.0,438.0,3.5,37.3485,21.2517,20.0,2020/9/18T22:17:14.2,128.9492289,2020-09-18T22:17:34.668132Z,2020-09-18T22:17:42.855384Z
475,HT,XOR,39.36598,23.19178,541.0,391.0,3.6,37.8818,21.3419,21.0,2020/8/8T8:14:8.5,230.414680828,2020-08-08T08:14:45.073759Z,2020-08-08T08:14:59.703262Z
476,HT,XOR,39.36598,23.19178,541.0,392.0,4.4,37.7399,21.1395,20.0,2020/8/9T6:11:16.6,254.123275991,2020-08-09T06:11:56.937028Z,2020-08-09T06:12:13.071839Z
477,HL,ZKR,35.1147,26.21691,254.0,95.0,4.1,37.684,21.3785,20.0,2020/3/9T22:19:31.1,519.184674211,2020-03-09T22:20:53.510266Z,2020-03-09T22:21:26.474372Z
478,HL,ZKR,35.1147,26.21691,254.0,120.0,3.6,37.7106,21.5497,58.0,2020/4/6T2:31:24.0,508.034155596,2020-04-06T02:32:44.640342Z,2020-04-06T02:33:16.896479Z
479,HL,ZKR,35.1147,26.21691,254.0,391.0,3.6,37.8818,21.3419,21.0,2020/8/8T8:14:8.5,533.772500591,2020-08-08T08:15:33.225794Z,2020-08-08T08:16:07.116111Z
480,HL,ZKR,35.1147,26.21691,254.0,392.0,4.4,37.7399,21.1395,20.0,2020/8/9T6:11:16.6,540.398690185,2020-08-09T06:12:42.377570Z,2020-08-09T06:13:16.688598Z
481,HL,ZKR,35.1147,26.21691,254.0,438.0,3.5,37.3485,21.2517,20.0,2020/9/18T22:17:14.2,510.465777084,2020-09-18T22:18:35.226314Z,2020-09-18T22:19:07.636839Z
